,Client 1,,Client 2,,Client 3,
Time,RT,STD,RT,STD,RT,STD
5,25947,15518.58,24917,13135.94,25268,13038.06
10,18846,14986.57,18833,14507.56,18017,14256.56
15,17934,10807.67,17974,10574.59,17551,10427.45
20,15836,9547.46,16372,9436.64,15860,9086.2
25,16948,7683.11,17187,7932.5,16737,7759.34
30,15501,7187.61,14790,7759.91,14235,7087.67
35,14136,8246.39,15804,8025.41,15413,8340.48
40,15934,8498.34,17258,19836.39,16630,19524.43
45,17193,21067.94,16508,10541.96,16202,10248.86
50,17340,19558.8,18030,19737.57,17336,19358.52
55,15659,8278.43,16567,9074.98,15767,8873.73
60,15591,7844.9,14748,7376.73,14566,6986.14
65,15871,8466.03,17339,8926.38,16569,8464.76
70,16758,13453.29,17657,13450.28,16846,13495.31
75,17122,9576.56,17163,10512.35,17022,10425.13
80,16263,10156.31,17215,9641.48,16301,9330.25
85,17776,20256.04,18347,20679.11,17415,20306.88
90,17121,15227.49,16620,14595.02,16320,14453.79
95,16748,13647.82,17524,13805.7,16987,13544.54
100,15137,7856.39,15759,7847.65,15295,7720.48
105,14994,8744.91,16428,13476.29,15006,8692.38
110,16838,13318.51,16318,8382.45,16565,13007.83
115,15347,8024.92,15852,8933.11,15052,8261.82
120,13672,7710.04,13970,8327.12,13903,8511.55
125,15025,9556.85,15942,10170.15,15580,9854.6
130,15511,12843.01,16501,11789.48,15720,11830.22
135,15790,12038.1,14820,11766.61,15088,11736.25
140,14704,11479.91,15475,11710.26,14519,11499.15
145,13402,7247.57,13807,7765.45,13490,7615.01
150,14727,9120.18,14925,8827.91,14947,8608.05
155,14149,7745.62,15402,9480.05,14567,9211.79
160,14964,12647.68,15114,11628.8,14735,11393.4
165,15236,9420.53,15034,9156.41,14801,9113.76
170,14238,7440.05,15924,7434.62,15013,7246.74
175,14055,6939.1,15508,29373.02,15464,29105.87
180,17729,30942.86,16143,10260.49,15643,9925.76
185,16258,11348.57,18944,25421.19,18211,24869.73
190,17565,25666.17,17001,14116.96,16702,13927.73
195,15615,9053.41,15179,7985.57,14795,7833.28
200,15295,7930.48,16239,8006.3,15529,7726.33
205,15231,10682.21,16198,15252.22,15970,15013.79
210,19057,31048.92,19863,30955.52,18338,28984.1
215,17929,21187.98,17356,18789.17,17394,20636.05
220,16707,32318.44,17445,33907.05,16890,32989.27
225,15068,7644.93,16200,11659.73,15718,11427.77
230,16720,12263.37,15740,7911.94,15636,7696.48
235,14127,7698.11,14959,8094.67,14072,7793.73
240,15134,10020.02,15922,10541.93,15848,10338.82
245,16254,10121.19,15977,9289.71,15859,9205.78
250,16352,20067.15,16515,20554.58,15507,19966.07
255,14269,10107.01,14396,10172.14,14488,10112.58
260,13989,8547.35,15291,8539.3,14351,8324.38
265,14529,8287.23,15658,9989.06,15047,9495.75
270,15783,10577.53,16169,12924.39,15652,11602.31
275,15806,11965.1,14430,8091.42,14853,9744.76
280,14523,11960.72,15094,12165.25,14352,11860.36
285,14003,7914.1,14291,7973.71,14120,7981.1
290,14141,16480.26,14816,18022.77,14531,17503.26
295,14593,9546.53,15410,7729.69,14906,7417.25
300,14416,10297.6,15389,10906.53,14564,10460.18
305,16631,9116.88,15218,9270.6,15826,9510.16
310,14620,19995.99,15599,20554.27,14368,19716.22
315,16718,14719.09,16584,14436.27,16597,14305.13
320,14802,8526.22,16604,9626.82,15497,9067.35
325,16453,9023.35,17325,12246.06,17268,12543.39
330,15450,12046.28,15416,8174.02,14648,7370.51
335,15320,12334.11,15343,12225.68,14876,12399.83
340,14655,8193.97,16395,10111.07,15783,9700.57
345,17078,9689.3,15527,12488.11,15985,12541.13
350,15293,15871.74,15125,12722.04,14781,12747.64
355,14269,31050.61,15485,32879.95,15019,31360.33
360,13534,9302.15,13220,8247.6,13208,8248.58
365,13125,8204.53,13360,7953.54,12900,7913.06
370,13131,10757.68,14183,11331.8,13470,11011.5
375,13087,8491.25,15152,11257.18,14221,9046.14
380,17066,22679.06,16754,24207.79,17159,25350.09
385,15292,14170.55,15616,9827.03,14739,8530.12
390,16832,9665.38,17675,8500.18,16712,8580.94
395,16942,11382.53,17064,12606.94,17395,12946.08
400,16455,10112.93,16601,8187.44,16042,8009.33
405,15151,8626.1,15518,9278.34,14818,8870.59
410,17466,14265.63,18087,14229.06,17747,14160.75
415,16878,10019.82,17013,9347.35,16521,9178.01
420,15470,7654.43,15432,11172.33,14837,7285.37
425,16301,16175.22,17189,14818.93,17322,16383.06
430,15180,8707.99,15888,8963.61,15345,10093.13
435,16894,9923.46,16911,8119.8,16395,7913.83
440,16188,8745.94,17352,10868.17,16813,10586.65
445,17328,15173.99,16782,13812.19,16296,13741.94
450,16916,13726.03,17478,13911.49,16643,13503.4
455,16840,14542.72,17439,15291.01,17469,15337.57
460,15567,9212.28,15694,9158.42,14995,8935.8
465,16128,9112.48,17042,8957.02,16255,8711.97
470,15510,12115.29,15643,12019.64,15332,11714.62
475,15209,9351.82,14595,8940.48,15088,8930.5
480,13783,8066.33,14716,8654.37,13915,8314.97
485,15487,7727.66,16081,7531.82,15279,7596.12
490,14782,7112.89,15673,10244.06,15508,9699.14
495,15651,11915.02,15385,10571.62,15389,10666.66
500,14690,8728.2,15362,11924.85,14721,11442.54
505,16337,16778.54,16580,14853.21,16133,14890.39
510,16390,11179.61,16759,9662.6,16501,9402.47
515,15966,10444.87,17291,15669.9,16187,12156.4
520,16385,15956.81,16521,11453.32,16145,14376.86
525,17279,17092.25,18389,18366.28,17930,18352.37
530,16267,9355.53,17024,8580.08,16265,8157.22
535,16871,8687.75,17139,8958.55,16642,8803.19
540,16511,10241.31,17654,12720.79,16296,9144.61
545,17254,13041.71,17472,14090.53,17707,16472.57
550,17438,19359.32,17832,18517.08,17124,17657.7
555,16880,12083.43,16706,9253.77,16383,9375.12
560,16115,10122.15,17142,12859.85,16728,12622.11
565,17438,19967.54,17971,18809.18,17047,18516.8
570,16592,8984.28,17815,10376.99,16779,9312.82
575,16850,9876.95,18899,25198.81,17523,13420.11
580,19707,31036.11,17213,19262.78,18301,28812.54
585,14882,9686.57,14917,7459.44,14502,7019.23
590,14933,7801.79,15476,8283.04,15054,8100.49
595,15718,8711.14,16387,9384.08,15864,8404.1
600,15570,9649.22,16823,10853.01,16205,9983.17
605,17527,16455.19,17100,15461.61,16988,16348.72
610,15958,8821.89,17027,8941.58,16035,8749.54
615,17148,11669.25,17234,11403.21,16661,11111.17
620,15811,7719.67,18434,17546.98,17071,9563.37
625,18724,19008.95,17516,11960.82,18349,18640.12
630,16766,9771.42,17456,11423.54,16357,7904.29
635,16511,12386.52,16993,9488.37,16796,12104.71
640,17945,13603.86,17512,13621.91,17671,13616.84
645,15333,7758.25,15969,7777.16,15402,7652.02
650,16210,12882.64,16863,13205.5,16597,12811.89
655,16637,9366.49,16505,9521.3,16588,9494.32
660,15518,8324.81,16692,9885.76,15359,8748
665,14686,9178.59,15105,15532.02,15194,15673.87
670,15837,15919.87,16373,7664.97,15441,7357.09
675,15377,8391.83,15905,8684.9,15004,7978.8
680,16052,8911.16,16209,8693.27,16016,8918.15
685,16051,9859.45,16521,10071.71,15930,10028.17
690,15793,7560.44,15564,7385.3,15478,6850.99
695,15089,8623.66,16098,11147.22,15202,8786.59
700,15134,11398.81,15735,10250.99,15081,11647.28
705,16086,16241.76,16735,17672.03,16357,16221.85
710,15516,10945.93,14641,7604.4,14644,10260.9
715,14305,11956.92,16548,14040.53,15369,12914.09
720,16113,10730.1,15782,9195.69,15930,9821.02
725,14698,8306.66,16264,16711.89,14904,13700.33
730,15287,16150.76,14416,8076.81,14719,11367.45
735,14008,8334.22,13846,8671.3,13769,8218.19
740,13482,8733.97,15419,8682.15,14728,9255.44
745,14268,7463.87,14788,7797.8,14004,6997.5
750,15091,8216.06,14879,9327.08,14774,8622.61
755,16529,19658.74,16595,18987.55,16206,19168.62
760,14008,8689.62,14356,8927.91,14294,8692.45
765,14211,7759.12,15146,9043.44,14883,8650.16
770,13888,8897.82,14752,8475.14,13842,7918.68
775,15619,14226.77,14724,15139.7,15141,15245.17
780,14185,10056.19,13820,7312.45,13581,7507.15
785,12892,6983.36,13396,7052.1,13178,7086.98
790,12895,6944.02,14154,8071.46,12843,7012.11
795,14977,8295.87,16717,13576.63,16410,13948.32
800,15936,16287.39,16357,11978.34,15827,11766.56
805,15625,7902.21,13802,8440.37,14800,8475.89
810,12822,11049.75,14362,11944.95,13572,11333.78
815,14573,10847.4,13880,10147.32,13875,9882.95
820,13658,7939.09,15641,10002.79,15061,9882.41
825,13917,9226.09,15822,15509.59,14796,14910.9
830,15848,17836.45,15478,11336.18,14980,11452.4
835,14880,8059.79,15394,7936.58,14976,7904.36
840,16185,8536.43,15774,8730.08,15694,8549.8
845,15571,9413.47,17643,12107.06,17000,11783.32
850,16456,10399.85,15495,7823.25,15680,7688.35
855,16211,11184.11,17795,11342,16638,10866.33
860,18950,44869.95,17801,41126.77,17947,43657.21
865,14642,7519.22,15791,8982.43,14804,7734.52
870,15668,9476.46,15827,9269.86,15813,9856.61
875,14731,8069.31,14910,7555.94,13933,6736.21
880,15021,8510.1,15064,9176.3,15382,9244.23
885,14651,8508.38,15658,7961.48,15674,7771.55
890,15506,7455.19,17084,12099.4,15452,11025.55
895,16798,19476.07,16024,17201.87,16833,17696.81
900,14940,12856.84,15583,14163.49,14861,13862.8
905,15220,13941.98,14936,13024.25,15160,12763.26
910,13686,11145.29,14049,10723.15,13738,10896.52
915,13893,7801.3,15395,10703.95,14795,10342.57
920,14896,10837.18,14799,9321.24,14788,8356.8
925,15143,9073.16,14763,8000.78,14994,8982.75
930,14318,7707.31,15958,8791.48,14778,8169.94
935,14966,8518.86,15956,10515.1,15467,10539.9
940,15447,9958.74,14581,12385.63,14573,7262.77
945,16205,24493.02,18558,23534.48,18021,26354.25
950,16916,10529.64,15525,8317.4,15330,8310.15
955,15225,8317.13,16074,9391.64,15494,8373.26
960,13953,9454.9,14641,8088.63,14756,8874.06
965,15650,6936.44,13808,6930.48,14486,6777.72
970,13323,9377.96,16220,9898.74,14751,9549.37
975,16143,7645.83,16471,8554.89,16035,7935.84
980,16174,7887.01,17458,16069.46,17496,16500.89
985,16979,16286.05,16065,8095.16,15804,7601.5
990,16007,8692.93,17264,8964.5,16111,8548.42
995,16621,8992.45,16625,12308,16588,12289.01
1000,15639,11201.89,16156,7335.56,15569,7342.8
1005,16045,7920.84,16566,8292.32,16285,8138.89
1010,16390,9486.88,16109,8815.09,15727,8867.43
1015,15621,8506.92,16297,8634.7,15940,8211.64
1020,16156,7725.61,17081,7853.43,16304,7646.91
1025,15739,7336.99,16754,12436.23,15568,7630.49
1030,15469,11816.35,15350,8082.85,15579,11815.63
1035,15937,8022.76,16284,8043.19,15801,8020.51
1040,16419,8279.74,17287,8806.3,16552,8130.16
1045,15944,8624.95,16957,8360.88,15969,8042.35
1050,16381,8978.6,15821,10977.14,15642,9558.02
1055,16124,11253.61,16840,8387.54,16618,10321.19
1060,16054,7654.1,16945,8829.26,16385,8312.76
1065,16273,8709.51,16478,7835.75,15788,7838.91
1070,15493,7672.76,15975,7414.63,15469,7239.85
1075,16332,11381.02,16794,11977.12,16359,11451.38
1080,16060,8605.56,16815,8424.17,16181,8310.89
1085,15791,7603.06,16050,7664.17,15689,7689.89
1090,15457,7684.24,16167,8846.31,15754,8677.94
1095,17074,17362.96,18122,17630.78,17023,16973.41
1100,16516,9340.61,16712,8575.34,16196,9370.7
1105,16300,8449.94,16728,9148.53,16285,8945.88
1110,15993,9010.66,16128,8048.59,15599,7305.27
1115,16268,9320.47,17034,9839.07,16741,9782.09
1120,15818,8814.28,14930,8253.9,14730,7983.42
1125,14731,7499.42,16736,7657.2,15837,7712.25
1130,15789,8169.65,17259,13908.32,16572,13188.49
1135,16905,13060.72,16186,6816.79,15757,6829.22
1140,15475,7174.67,16373,7605.78,15705,7211.71
1145,16718,10581.57,17436,11410.48,16847,11219.02
1150,17034,9264.98,16583,9818.76,16134,8966.99
1155,15896,9573.11,16006,7969.33,16086,8677.37
1160,14905,7324.75,16124,7305.62,15224,7215.76
1165,16659,8338.29,16940,10108.54,16906,9740.17
1170,15671,9522.2,17239,17243.33,16229,16719.82
1175,16286,16599.44,16078,8251.58,15793,8221.71
1180,15946,8857.92,15648,7947.43,15145,7806.56
1185,14806,7726.1,16018,8401.77,15431,8227.64
1190,16101,9104.49,15356,8496.66,14980,8289.06
1195,15235,7720.12,15333,7959.92,14892,7240.62
1200,14226,7499.45,16749,8118.17,15663,7967.92
1205,16548,8220.66,15891,7964.5,15711,8377.54
1210,15353,8039.42,16333,8410.84,16023,8180.92
1215,15772,8952.71,16733,13524.33,15838,9613.66
1220,15672,12494.1,15674,7991.25,15650,11840.8
1225,16424,9741.9,16535,11126.1,15448,9162.49
1230,15833,9974.43,16323,8063.77,16300,9576.01
1235,15789,8908.28,16226,9586.73,15168,8867.01
1240,15924,8729.9,17090,10165.81,16747,10359.56
1245,16940,10102.36,17456,10131.37,17135,10030.93
1250,16571,11722.32,16341,10589.62,15698,9939.41
1255,15595,9006.37,17183,9843.32,16768,9825.44
1260,16037,9157.27,15704,7821.89,15351,7845.86
1265,15002,7503.6,14770,7527.9,14307,7416.33
1270,14315,7508.91,15954,8990.82,14804,7333.73
1275,16399,8879.7,15793,9161.44,15887,8917.59
1280,14799,10690.67,15977,10362.12,15884,11259.66
1285,16148,9021.91,17463,11150.48,16188,10700
1290,17004,11391.94,16682,8496.24,16442,8597.04
1295,14912,7305.48,15546,8699.09,14648,7539.45
1300,15789,9198.23,16536,9527.31,16570,10224.48
1305,15575,9519.82,15715,8363.12,15224,8624.35
1310,15374,8173.52,15689,8521.11,15492,8193.47
1315,15831,9217.31,15888,8972.59,15716,8423.89
1320,15259,8100.94,15645,8340.31,14745,8289.05
1325,15372,8681.37,16594,7914.34,16282,8293.34
1330,17355,8597.67,17618,9254.36,16797,8642
1335,15700,8388.94,16300,9469.59,16151,8192
1340,16360,9960.1,14681,8446.96,15006,9723.92
1345,14303,7408.85,14457,7845.61,14555,7940.17
1350,14098,7458.9,16427,8834.74,15192,8331.69
1355,14087,8959.5,14805,8533.28,13987,7565.38
1360,15828,8489.94,14009,7601.86,13895,8298.29
1365,12965,7547.72,14370,14254.61,14043,9292.98
1370,15602,15212.79,16553,8728.86,16046,13880.53
1375,15913,7566.44,15679,9477.95,15135,9039.08
1380,15760,10404.35,17928,10571.68,17342,9969.5
1385,16991,9834.34,14941,8151.27,14452,8561.3
1390,15241,9668.42,17647,10086.43,17382,9873.75
1395,16725,8063.64,17038,21374.83,16688,20535.91
1400,16813,22718.66,18255,13036.96,16913,12005.58
1405,17119,8824.83,17716,9965.68,17429,10275.69
1410,17255,9339.85,18493,17379.36,17726,16126.54
1415,17692,17066.25,16860,6673.79,16475,9210.52
1420,16744,7779.53,17148,8458.2,16582,8038.96
1425,16635,8955.62,17321,9233.84,17010,8997.99
1430,16305,7754.43,16613,9041.51,16117,8674.4
1435,16501,8895.02,17190,8070.7,16963,8060.45
1440,16312,8153.88,16681,8060.67,15955,7945.99
1445,15985,7920.63,16058,7454.87,15806,7366.35
1450,15673,7760.68,16783,8558.32,15824,7690.98
1455,16252,8808.44,16932,9265.84,16304,8442.63
1460,17013,9405.58,16252,9213.22,16758,9242.67
1465,15538,8739.93,17574,13324.92,16116,11391.38
1470,17749,15434.36,17613,11734.69,17753,13724.74
1475,16796,8316.28,17247,8468.27,16436,8633.32
1480,16158,8538.34,17057,9115.39,16397,8628.65
1485,17432,8965.05,16565,9398.97,16807,8609.06
1490,15449,10061.36,16136,10764.75,15756,11470.95
1495,15498,9814.18,16091,7847.07,15233,7480.08
1500,16364,8355.83,17000,10315.54,16369,9107.01
1505,16518,10230.1,16726,8664.96,17012,9491.3
1510,15704,7858.46,16081,7697.72,15244,7436.44
1515,15879,9545.46,17087,13619.45,17039,13357.12
1520,16763,13219.64,16664,12110.55,15526,11449.77
1525,15943,11890.49,16404,9312.53,16285,9544.79
1530,15915,8646.89,16229,8102.31,15755,8133.13
1535,17017,11406.66,16440,12686.56,16542,12381.12
1540,15572,9479.16,16837,10308.71,16248,10179.94
1545,15750,10426.99,15683,9236.99,15185,9161.6
1550,17447,52331.25,17595,50808.12,17130,51070.39
1555,15881,9335.86,17639,11313.07,16843,10907.92
1560,16281,10476.26,16670,10986.24,16533,11196.19
1565,16444,10791.02,14861,8061.37,15384,7525.09
1570,12824,7673.05,13429,8329.46,12425,7460.89
1575,15266,9361.85,15730,13056.5,16271,12727.78
1580,14188,11743.21,15550,17808.05,14725,17541.31
1585,15914,17859.79,16735,8044.7,16142,7954.32
1590,15397,7494.63,15217,8473.62,15181,8264.16
1595,14605,8639.63,15702,8484.85,14923,8034.98
1600,15155,7910.99,15601,10169.89,15434,10432.61
1605,15372,10732.69,15521,9371.55,14700,9095.69
1610,14748,8719.24,15515,7932.69,15228,7701.15
1615,15550,7916.31,16561,8094.2,16143,7918.73
1620,16537,9424.44,16317,9615.18,15910,9452.28
1625,16118,11412.5,17081,11955,16034,11373.72
1630,15779,12296.92,17662,42650.95,18796,43934.95
1635,17755,45738.23,15912,27732.38,15221,26587.4
1640,13019,19247.65,13995,10060.25,13291,10585
1645,16075,10446.61,16848,7911.08,16211,8324.24
1650,15696,8074.07,15319,7050.1,14859,7080.21
1655,14834,6289.73,16377,8228.38,15653,7514.97
1660,15881,8557.19,16723,9489.49,15863,8248.12
1665,16252,9429.56,16120,8104.08,16252,9418.26
1670,15055,7424.37,16732,9243.47,15646,8007.95
1675,17816,10649.72,17072,8278.32,16992,9124.43
1680,15273,6759.07,15870,7554.48,15197,6890.2
1685,16728,27427.06,17443,27454.49,17040,27679.77
1690,16442,8650.08,16347,8982.61,15975,8692.35
1695,15091,8502.25,15904,11519.56,14909,7901.24
1700,15903,15326.9,14649,14754.97,16024,17645.66
1705,13699,11444.14,15424,11324.3,14073,8350.37
1710,15477,11236.82,17739,45873,17227,46218.58
1715,16044,43088.39,13585,8767.87,13667,8673.32
1720,13809,10396.35,15965,10339.54,14880,10025.77
1725,16273,8082.49,18428,24860.11,18129,24587.17
1730,17018,23881.01,15782,7695.45,15421,7647.21
1735,15550,8107.2,15639,14889.46,15601,14919.39
1740,14891,14589.93,15362,7924.86,14896,7684.02
1745,15334,7382.25,15783,8131.72,14755,6867.13
1750,15691,10677.36,15780,10373.61,15784,10855.35
1755,15296,7926.76,17611,15998.48,17044,15725.99
1760,18056,19315.45,17447,14231.92,16828,13956.13
1765,16018,9265.84,16898,9361.1,16019,8466.01
1770,15976,9498.74,15209,7633.23,15127,8058.16
1775,15633,11340.04,16797,10869.79,15999,11038.45
1780,15673,7260.27,16405,7861.63,15802,7772.38
1785,16011,7714.65,17015,13637.02,16451,13401.93
1790,17044,16317.34,17520,13048.28,17164,12435.45
1795,17136,11857.75,16482,10591.13,16407,10867.6
1800,15401,7333.39,16389,8602.16,15580,8242.66
1805,16277,9061.94,17974,10578.27,17297,9797.53
1810,16661,10920.06,15470,9401.86,15602,9351.59
1815,14926,7719.27,15746,8442.16,15129,8584.57
1820,14678,8659.87,15861,8386.23,15578,8268.16
1825,15621,8412.34,15495,7756.98,15185,7662.02
1830,15741,8088.34,18778,34150.47,16662,14895.67
1835,17865,34037.39,17099,12028.34,17561,31262.32
1840,17197,12095.68,16596,10462.25,16635,11148.66
1845,16140,7808.58,16826,9482.56,16690,8822.79
1850,15817,9478.47,15355,9226.68,14825,8760.75
1855,15260,9463.84,15902,9921.61,15223,8791.8
1860,16178,22524.44,19081,32855.68,17278,25243.35
1865,18150,24188.41,17729,10006.18,18429,21569.18
1870,16448,9663.69,16906,11119.4,16143,11050.67
1875,18487,35748.68,18773,35590.51,18173,34903.12
1880,16325,11071.68,17504,13951.32,16669,13833.44
1885,16868,13283.35,17694,9580.31,16644,8852.04
1890,16463,8184.36,16654,13478.05,15854,8265.45
1895,16758,13916.61,17423,9555.12,17410,14452.99
1900,17527,11940.77,18412,16836.29,17936,16542.95
1905,17307,14419.31,16786,8338.1,16138,8025.81
1910,16907,11285.07,17688,11201.76,17333,11077.07
1915,16247,8993.77,17176,10062.86,16384,9528.34
1920,16935,10015.93,16876,9750.57,16324,8942.49
1925,17550,20233.4,17628,20072.33,17514,20182.11
1930,15899,9331.29,17308,10094.28,16563,10103.15
1935,17828,22144.29,17641,22049.61,17129,21984.74
1940,15808,9284.3,16157,9608.47,15733,9070.08
1945,15610,8394.04,16416,9881.03,16150,10221.06
1950,16102,10098.87,16201,7980.88,15327,7720.31
1955,15568,8645.59,16187,8452.06,16167,8165.59
1960,16607,8822.47,16756,11011.85,16303,10688.78
1965,15332,10057.96,16298,9322.04,15219,9232.98
1970,14651,8806.7,15220,8622.76,15041,8348.12
1975,15799,9453.83,18439,33668.21,17684,32014.87
1980,17907,33371.44,17217,14445.87,15905,10028.02
1985,16271,13859.8,15130,8109.52,15535,13101.16
1990,15316,8765.08,16554,15628.26,16230,15564.64
1995,15178,14708.93,14831,7708.9,14155,7416.27
2000,14418,7860.67,16139,13415.31,15762,12965.72
2005,16435,16684.76,16510,18464,15646,12521.88
2010,15219,15144.46,14519,8157.88,15168,15061.26
2015,15008,9871.02,17038,13444.76,15955,12834.8
2020,15628,11682.82,15937,9753.07,15802,9601.77
2025,15283,9360.81,14622,7209.36,14071,7548.77
2030,14074,9316.38,15042,10234.07,14972,10298.64
2035,15276,8312.02,17377,11246.63,15909,9646.02
2040,16755,12057.97,15654,11664.31,15538,12692.58
2045,14572,10702.97,14726,7993.65,14737,7999.72
2050,15146,8377.2,16069,9500.95,15466,9116.23
2055,15205,9042.07,15087,7721.8,14768,7818.22
2060,14381,8366.54,15923,10235.76,14959,9929.38
2065,14969,9559.85,15157,8313.78,14701,8089.41
2070,15266,14228.02,16198,14854.26,15533,14510.15
2075,14936,8197.17,15665,9412.04,15706,9187.47
2080,15581,10529.39,15138,9735.92,14762,9649.98
2085,14983,9210.63,16487,9909.6,15453,9265.25
2090,15172,8845.51,15477,9246.22,15471,8967.74
2095,15009,9120.02,15336,8004.17,14748,8038.67
2100,14683,9005.14,16236,9690.16,15507,9116.97
2105,15966,10194.85,15606,11246.76,15403,10545.22
2110,15667,10414.53,14926,8059.47,14944,9201.1
2115,13858,7906.62,15841,8804.33,14916,8625.78
2120,15613,9183.18,15386,8874.18,15736,8740.49
2125,14752,8831.59,15664,9166.02,14256,8918.46
2130,15215,8950.96,15610,9974.45,15360,9875.99
2135,15582,12906.99,15277,12319.92,15113,11838.63
2140,14576,8711.77,15779,10657.83,15155,8922.95
2145,13857,10139.06,13592,8451.31,13469,9904.88
2150,14177,8736.13,14282,7678.23,14297,7647.24
2155,13520,12327.24,16385,24807.91,15342,23647.33
2160,16603,22068.65,14961,7781.5,14800,8441.97
2165,14292,8582.96,14500,8797.86,14301,8716.23
2170,13171,7500.57,13869,8854.27,13360,8550.24
2175,13955,8903.39,15195,9374.43,14770,9183.65
2180,14488,9454.53,14318,9421.3,13984,9147.17
2185,14497,9745.88,14410,9198.51,13466,8993.98
2190,14437,16347.64,16266,16879.76,16271,16842.7
2195,14502,8669.51,14842,8416.94,14661,8255.13
2200,14133,8339.77,14198,13415.66,13721,13188.02
2205,13275,12766.71,14319,8600.56,13316,8099.41
2210,15428,9815.72,15857,10487.83,15909,10231.41
2215,14108,9683.06,16016,11916.22,15436,12072.47
2220,16928,11926.04,18202,16486.21,17424,16123.43
2225,17329,16016.86,17040,7881.26,16321,7713.89
2230,16033,7719.85,15620,7494.91,15208,7458.24
2235,15450,7848.2,17799,9934.31,16958,9902.13
2240,17315,10160.54,17290,8784.1,16746,8313.72
2245,16782,8246.05,17248,7638.84,16527,7596.51
2250,16569,8097.91,17043,10391.26,15998,9061.44
2255,16001,9976.22,15511,8427.56,15807,9001.99
2260,15225,9124.08,15964,10672.6,15228,10186.87
2265,15128,9348,15447,10142.8,15591,9451.7
2270,15207,10247.36,16317,9119.49,15721,9944.73
2275,16887,9943.12,15286,8549.53,14722,8573.73
2280,13940,8104.48,16318,10610.62,15231,9956.79
2285,16392,11176.64,15641,9733.18,15726,9876.3
2290,15323,12661.95,16693,14781.69,15548,13713.96
2295,15517,12226.85,14977,9956.81,15304,10484.34
2300,14843,8918.59,18478,22296.41,16663,19704.41
2305,16997,21273.67,15637,8863.71,15957,11884.04
2310,15741,10087.53,16449,13220,15814,12978.68
2315,15776,12379.63,16911,11087.7,16271,9601.93
2320,17110,13472.48,17132,12988.71,16583,13882.4
2325,16108,10323.48,17634,14344.12,16852,13666.14
2330,16809,14221.51,16275,13670.85,16168,13273.1
2335,16063,14210.38,16514,9938.86,15949,10386.92
2340,15460,8312.04,15234,8625.61,14823,8731.18
2345,14826,8064.82,16104,8614.44,15761,8359.96
2350,16625,17591.96,15707,17386.38,15336,16995.38
2355,14694,9784.4,16055,10260.78,15294,9578.23
2360,15802,12983.76,16757,14075.88,16054,12485.27
2365,15185,10519.89,15192,9651.06,14515,10322.5
2370,14501,9389.12,14760,7373.77,14829,8796.1
2375,13803,7048.26,14149,8623.07,14262,8596.99
2380,14849,8744.68,15961,12792.92,15322,12546.29
2385,15107,12579.19,14649,9964.81,14353,9775.84
2390,14548,10407.66,16201,11484.53,14791,8335.21
2395,15808,10828.11,14854,8758.94,15524,10429.13
2400,14488,10865.17,16308,12176.37,15165,12570.32
2405,15149,10055.29,14316,8598.81,14556,8995.84
2410,14193,8797.74,14124,8096.5,13866,7904.79
2415,14007,7637.37,14983,10516.82,14839,10304.8
2420,14897,12539.38,15742,11511.16,14791,11407.3
2425,14878,9298.87,15854,34367.22,16097,33889.98
2430,15763,35484.78,15523,14684.07,14767,14395.15
2435,14618,9941.54,15429,12743.13,14877,10754.01
2440,15618,12955.37,15067,8329.92,14281,10366.19
2445,13633,8249.37,14187,8940.2,14243,8886.95
2450,14922,8967.4,15418,9891.34,15093,8844.6
2455,14795,10749.84,15690,13552.7,15459,13936.61
2460,16037,26065.24,16107,24427.46,15663,24020.3
2465,14096,7967.56,14949,9578.3,14499,9102.09
2470,14825,10088.79,15561,12963.4,15196,12820.19
2475,15329,14076.82,15662,13259.87,15053,12918.94
2480,14691,11635.72,14498,7577.44,14129,7945.46
2485,14603,17911.35,16300,20405.81,15417,19714.62
2490,14583,11032.28,14772,11351.28,14548,11311.58
2495,14206,11540.2,14175,10095.19,13874,10210.1
2500,13278,9017.61,14006,8980,13767,8837.42
2505,14203,9859.91,14770,8888.33,14190,8695.41
2510,14401,8881.81,16148,16435.11,15157,15698.63
2515,15557,15415.46,15393,8062.3,14619,7296.58
2520,14858,8172.32,13279,7341.48,13530,7802.34
2525,12826,8706.14,17280,10306.98,15888,9403.56
2530,16778,8884.15,16543,8398.22,16545,8669.65
2535,16766,8600.35,17357,8414.98,16891,8310.22
2540,15479,7656.52,16422,8528.22,15514,8513.13
2545,17387,9591.74,18203,9603.78,17458,9224.92
2550,17453,8711.77,18237,8566.4,16857,7975.8
2555,17437,8123,16516,7742.61,16422,7715.64
2560,15914,7457.89,17348,9578.96,16459,9064.24
2565,16981,10430.55,18313,10690.59,17730,10848.8
2570,17533,9934.87,17540,8363.42,17006,7449.09
2575,17325,8627.51,17765,8224.45,16858,8379.64
2580,16427,7544.85,16301,10056.67,15506,7483.24
2585,16542,10550.13,17594,8445.52,17462,10545.63
2590,16574,7834.85,17315,9520.79,17030,9395.27
2595,17169,9222.65,17027,8927.04,16559,9030.71
2600,17127,9405.18,17821,10029.05,17139,9849.45
2605,16809,10031.37,17158,9408.51,16639,8986.6
2610,16353,8925.46,16690,9148.89,16415,8406.68
2615,16094,8818,15271,7799.43,15353,8377.12
2620,15530,8934.09,17618,10043.17,16095,9350.76
2625,15889,8884.26,17308,8838.78,16298,8936.02
2630,17482,10333.88,16960,11719.52,16577,11686.98
2635,16432,11667.65,18004,10426.49,16930,9691.13
2640,17179,8682.7,17616,9725.41,17295,9507.05
2645,16653,9726.79,16939,8410.75,16143,8240.79
2650,16086,8029.42,17215,9928.25,16587,9066.97
2655,16760,10489.46,16459,12264.94,15919,9062.61
2660,15663,11573.34,17993,16056.06,17181,17991.39
2665,17696,15865.84,17436,15101.42,16418,11591.22
2670,17058,15424.95,16593,8514.34,16486,12445.45
2675,15872,7420.73,16934,9903.65,16450,9832.2
2680,16256,9606.21,16110,11072.91,15949,10402.78
2685,16126,13626.83,16792,12693.43,16242,11372.18
2690,15600,9734.3,16555,8184.54,15835,9848.42
2695,15862,8099.32,15781,6916.91,15635,7010.92
2700,15593,6942.52,16332,10138.63,15692,9663.24
2705,15930,10608.3,17081,11495.1,16651,11267.28
2710,15861,10814.81,15079,8293.33,14178,7544.99
2715,14463,8032.81,17057,11188.35,16986,11550.92
2720,16693,11190.27,16468,8234.97,15600,7731.97
2725,15987,8005.41,17276,12361.93,16884,12141.56
2730,16468,12645.39,17036,17295.02,16781,17646.36
2735,16534,17188.69,16431,8729.54,15801,8264.87
2740,15862,8189.74,15847,9892.15,15209,9515.25
2745,15365,10520.1,16242,8863.5,15908,9218.81
2750,16616,12446.1,17014,13595.03,16103,12267.75
2755,15724,9529.2,16011,8885.89,15721,10077.72
2760,15704,9083.72,15497,8112.34,15336,7736.68
2765,14927,8961.26,15567,8714.25,14936,8771.72
2770,15270,7653.84,16149,13734.93,15174,11719.47
2775,15234,13531.88,16090,12792.17,15807,14063.55
2780,15586,12540.22,15543,9389.49,15377,8565.68
2785,15640,9393.02,15932,10060.51,15227,9750.7
2790,15376,10758.69,16011,10787.7,15446,10451.53
2795,15724,9988.65,17186,9890.83,16256,10109.79
2800,16741,9867.61,16487,9227.99,16515,9936.57
2805,15828,9300.74,16313,9978.71,15783,8625.14
2810,16584,9911.59,16907,13087.92,16568,13322.87
2815,15441,12530.67,14074,7079.05,13800,7407.98
2820,14086,7594.36,16778,10157.74,15582,9186.61
2825,16677,11511.93,16091,10158.44,15422,10561.45
2830,15399,8282.87,17094,18019.33,16135,13971.1
2835,16669,17999.55,16453,8472.28,16569,13570.81
2840,15934,7847.07,17401,9618.45,16560,8260.19
2845,16871,9775.88,16316,9602.37,16306,10466.62
2850,15644,9089.74,16563,10338.81,15854,9505.25
2855,16193,10339.35,16647,8586.57,16368,9058.87
2860,16527,11460.3,16709,12516.12,15928,12238.54
2865,15495,9542.52,16370,7952.78,15839,7493.9
2870,15796,8123.11,16894,11227.65,15983,11006.23
2875,16378,10899.79,16986,13422.42,16479,12237.23
2880,16954,13798.24,17422,9426.94,16714,10366.34
2885,17000,8806.96,16855,8298.53,16426,8169.41
2890,16289,8718.33,16842,8602.5,16265,8451.07
2895,16313,8283.37,17321,8889.27,16410,7995.36
2900,16806,8801.79,17555,14473.63,17476,14872.39
2905,16806,14484.44,17410,12760.16,16687,12256
2910,16814,12219.74,16755,8222.57,16136,8033.06
2915,16741,8717.3,16531,8921.32,16382,8829.59
2920,15581,8633.83,17508,12008.4,16360,9150.09
2925,17363,11807.17,17459,9511.48,17459,11598.34
2930,16733,9193.73,16978,8727.3,16131,8298.75
2935,16694,9120.33,16228,8065.29,15864,8505.1
2940,15720,7547.84,16534,9383.29,16087,8892.74
2945,15733,9032.92,16855,9675.12,16480,9446.67
2950,17128,11791.77,16387,11277.08,15508,10156.39
2955,15100,9092.77,16091,8421.23,15743,9011.44
2960,16444,11571.69,16823,11885.29,16369,11810.97
2965,15666,8418.46,16525,13148.2,15894,12781.33
2970,16313,12993.37,17036,9654.61,16780,9289.5
2975,16524,9662.92,16719,10319.8,16223,10270.77
2980,15987,10073.27,16719,11525.27,16039,11460.71
2985,16066,11541.22,15209,7672.69,15132,7464.2
2990,15173,7553.05,16405,8112.9,15534,7807.49
2995,15857,8032.53,15729,7513.71,15524,7314.04
3000,15135,7347.76,16894,11735.76,16547,10758.63
3005,16341,11655.62,15742,11277.59,15346,11033.48
3010,15444,11483.81,16129,9300.02,15310,9974.32
3015,15553,8850.11,15193,9286.03,15233,8727.9
3020,14814,9257.93,16238,13361.18,15726,12903.23
3025,15885,13271.25,16176,8410.21,15392,8833.17
3030,15898,8409.52,15536,8391.16,15538,8107.28
3035,15079,8264.49,16962,9323.15,16232,9116.08
3040,16695,9948.85,17188,12229.92,17342,12456.12
3045,16525,11774.04,16529,11000.45,15420,10163.1
3050,15753,10715.47,15976,10142.92,15330,10196.68
3055,15770,10191.77,15395,7751.77,14983,8079.51
3060,15036,7834.95,15734,10357.69,16060,10427.18
3065,15454,10216.02,16171,10687.76,15151,8515.61
3070,15513,10534.08,15672,8563.19,15401,10090.33
3075,15390,8588.25,15219,9445.46,14832,9249.43
3080,14804,9333.8,14787,7875.98,14501,7891.21
3085,14310,7785.67,16146,13973.59,15730,13959.07
3090,15730,13901.84,16223,9362.6,15581,9454.69
3095,15915,9554.11,14829,7845.13,15199,7802.88
3100,14278,7750.32,15044,9425.43,13851,8848.15
3105,14646,9340.58,16183,8358.49,15930,8048.75
3110,15948,8333.26,16800,8108.91,16110,8067.46
3115,16069,7956.15,13198,6798.55,13036,7136.55
3120,12946,6766.52,15310,10493.17,14924,9884.35
3125,15041,10334.69,15055,8625.68,15317,8330.17
3130,14461,8555.95,13572,8004.62,13260,7921.88
3135,13309,7864.27,15055,9766.4,14331,9488.62
3140,14600,9627.39,16156,12256.02,16323,11810.53
3145,15501,11930.23,15135,7960.49,14395,7827.37
3150,14684,7871.99,14551,9138.39,13938,8824.6
3155,14236,9052.6,14183,9609.22,13815,9413.99
3160,13705,9502.97,15401,11992.31,15419,11922.78
3165,15006,11822.93,14714,22524.71,14622,22640.29
3170,14592,22194.15,13521,7210.85,12940,7102.63
3175,13029,7192.55,14491,8711.02,13920,8116.04
3180,13823,8624.6,14343,7243.11,14244,7602.9
3185,14206,7257.17,15505,9271.45,14682,7894.85
3190,14907,8993.47,15736,8965.88,15889,9706.51
3195,15173,8677.02,14203,7128.93,13712,7102.19
3200,13968,7141.25,16340,12719.14,16047,12404.42
3205,15771,12566.09,16153,8127.17,15644,7783.87
3210,15604,8072.31,14568,6852.88,13798,6768.98
3215,14344,6827.58,16153,8123.44,16146,7895.94
3220,15450,8134.29,13606,10657.34,13140,9620.49
3225,13364,10484.83,17256,10753.49,16378,9356.84
3230,16841,10627.16,14136,10910.88,13868,9563.27
3235,13599,10795.55,15772,7201.27,15511,10610.5
3240,15386,7131.89,16825,8685.73,16168,8380.99
3245,16432,8724.79,18261,9485.59,17605,9215.11
3250,17737,9852.13,18119,15164.37,17925,14850.02
3255,17568,15114.64,16600,9510.16,16139,9095.72
3260,15866,8539.28,16983,11318.43,16017,9347.71
3265,16662,11476.19,15466,8842.45,15356,10619.82
3270,15074,8551.62,17709,10618.04,17429,10500.54
3275,17343,10463.84,16069,9096.66,15568,8894.05
3280,15621,9023.27,15760,7917.28,15800,7985.11
3285,15259,7727.37,16577,9631.3,16133,9157.56
3290,16190,9511.29,17151,13457.88,16119,13304.44
3295,16568,13394.03,16099,8747.9,15773,8709.13
3300,15660,8711.22,16089,8533.39,15547,8347.77
3305,15685,8502.46,16484,10589.45,16069,10374.26
3310,15903,10556.12,16323,8090.38,15741,7705.03
3315,15921,8045.96,15797,8031.47,15655,7923.25
3320,15258,7885.2,15348,8667.44,14658,8339.74
3325,14959,8662.93,16042,7491.74,15457,7483.11
3330,15759,7517.7,16840,13035.97,16062,12604.33
3335,16362,12812.3,15517,8985.12,15128,8993.33
3340,15034,8933.58,15526,11764.68,15377,11569.08
3345,15190,11642.26,15912,10341.93,15316,10052.75
3350,15507,10219.7,15832,10306.94,15338,10033.55
3355,15344,10088.17,14386,8689.36,13770,8591.94
3360,14052,8728.41,15796,9126.4,15307,8774.23
3365,15426,9067.81,14745,9878.75,14276,9726.42
3370,14216,9828.26,14119,8386.42,13950,8098.87
3375,13917,8144.28,15588,8709.71,14908,8456.09
3380,15108,8464.64,17004,11380.42,16292,11183.97
3385,16392,11327.11,16937,8906.8,16090,8729.58
3390,16405,8813.06,16962,8200.78,16377,8033.72
3395,16344,8221.29,15049,7620.42,14714,7494.48
3400,14582,7496.6,16097,10347.82,15596,10104.65
3405,15751,10189.42,15837,8852.1,15480,8691
3410,15437,8880.41,15833,8183.26,15206,7843.31
3415,15305,8092.93,14918,7963.13,14418,7833.61
3420,14522,7942.73,15412,7272.2,15085,7160.38
3425,15138,7346.9,16223,10321.65,15379,10068.08
3430,15577,10226.55,16029,8133.39,15539,7973.97
3435,15515,8102.45,16705,11910.52,16135,11689.35
3440,16121,11694.59,17161,9399.88,16549,8916.26
3445,16695,9282.64,16093,8027.48,15586,8012.31
3450,15630,7982.54,15931,7340.34,15466,6992.11
3455,15452,7266.77,17012,8828.59,16333,8590.02
3460,16326,8640.35,16429,9736.37,15943,9256.94
3465,15975,9365.51,16262,8282.17,15833,8685.14
3470,15828,8853.97,16863,9715.59,16407,9351.98
3475,16523,9573.41,16688,11159.15,15911,10970.83
3480,15893,10902.56,16035,7782.08,16121,7747.24
3485,16102,7841.54,16410,7970.11,15239,7436.49
3490,15168,7666.14,17831,13500.15,16975,13224.51
3495,17094,13331.42,16338,11678.91,15917,11536.08
3500,15901,11659.4,14833,8047.56,14728,8022.81
3505,14580,8071.85,15692,9887.09,14848,9499.4
3510,15065,9746.99,15273,8247.11,15464,8241.38
3515,15272,8391.92,15676,8025.81,15236,7924.65
3520,15075,8036.96,15678,9506.12,15351,9102.06
3525,15250,9186.96,15298,10108.89,14690,9838.86
3530,14487,9977.72,14449,7398.95,14374,7397.61
3535,14286,7560.05,14837,8160.52,14173,7807.84
3540,14119,7908.37,14876,9464.95,14369,9305.67
3545,14255,9360.81,16149,9805.58,15560,7525.99
3550,15675,7787.11,14896,12433.56,14743,13684.3
3555,14686,13567.79,14996,8623.51,14579,8050.2
3560,14615,8231.67,16924,27200.75,15858,21957.96
3565,15709,22194.63,14481,8264.43,15437,17189.23
3570,15171,16903.49,14842,10342.72,14622,10083
3575,14503,10214,14889,8210.08,13901,7825.13
3580,13832,7974.31,14650,8957.79,14608,9132.47
3585,14526,9027.93,14225,10011.68,14020,9831.62
3590,13881,9889,15133,9213.82,14577,9152.5
3595,14406,9129.37,16839,9614.72,15818,8139.75
3600,15824,8401.67,14676,8523.47,15320,9799.7
3605,15356,9713.47,15678,19118.23,15277,18994.98
3610,15139,19158.3,15110,8130.02,13662,8260.12
3615,13594,8326.19,14888,7823.64,14453,7589.77
3620,14495,7713.59,16155,11886.53,16443,11562.57
3625,16468,11663.09,15583,23990.86,15700,24428.39
3630,15484,24235.23,15736,9481.64,14690,8323.74
3635,14736,8495.86,15780,12021.81,14909,9845.47
3640,14803,9859.72,16648,8756.33,16343,11128.87
3645,16540,11189.82,17548,15572.87,16282,14458.28
3650,16195,14511.77,13719,7743.04,14310,9049.2
3655,14278,9050.69,16334,10631.68,15312,8313.19
3660,15239,8440.69,14392,12829.26,14177,14072.84
3665,14219,14230.28,14773,22546.36,14912,22577.21
3670,14845,22632.83,16164,17485.69,14114,9985.26
3675,13965,10080.18,15068,8237.72,16613,16063.41
3680,16589,16139.63,14676,9248.28,14039,8456.84
3685,13928,8519.9,16353,15304.27,15446,14848.07
3690,15444,14907.76,17367,12019.47,16656,12662.47
3695,16873,12782.59,16012,11285.6,15592,11119.4
3700,15593,11119.08,16782,9141.74,16164,8527.86
3705,16161,8665.35,16769,15434.34,15093,7013.91
3710,15215,7122.96,16467,9284.6,16995,16490.93
3715,16986,16453.58,17134,9116.56,16859,9841.73
3720,16943,10062.44,17088,11462.42,16585,11162.65
3725,16685,11200.46,15816,8334.24,15013,7403.86
3730,14971,7553.01,15846,7841.3,15342,8164.32
3735,15546,8240.76,16781,9625.16,16216,9746.13
3740,16271,9966.57,16258,8874.81,15917,8786.9
3745,15859,8781.14,17145,10837.45,16088,8035.31
3750,16095,8280.11,16623,7749.5,16555,10230.45
3755,16542,10275.45,17002,13537.99,16297,12862.49
3760,16320,12974.74,16627,9719.85,16141,9466.08
3765,16190,9498.88,17050,19476.96,16389,17040.34
3770,16467,17013.9,15145,9362.19,15279,12569.67
3775,15340,12659.1,16350,9991.55,15528,9910.65
3780,15676,10014.38,17109,11415.12,16658,11288.4
3785,16515,11277.45,16084,10463.62,15441,10070.87
3790,15654,10156.49,16297,11623.79,16012,11688.21
3795,15808,9843.44,17053,14365.77,16351,13128.9
3800,16465,14890.1,14750,13591.94,15028,14262.55
3805,15116,14492.42,15128,10994.37,14464,10649.63
3810,14365,10737.51,15000,8438.49,14847,8340.39
3815,14618,8381.13,16020,13641.22,15226,13117.34
3820,15539,13276.75,16002,16008.03,15512,15385.86
3825,15102,15538.76,15786,9526.06,15361,10100.66
3830,15459,9503.8,17085,10831.89,16280,9945.18
3835,16510,10621.34,14789,8554.21,14880,9355.29
3840,14448,8990.84,14639,10571.01,14396,10224.61
3845,14399,10398.63,15681,8804.54,15379,9079.82
3850,15618,9149.69,15440,8366.26,14368,7972.43
3855,14357,8089.65,16559,12300.06,16337,12157.6
3860,16275,12020.49,13886,8660.07,13923,8593.58
3865,13576,8607.1,14186,8555.31,13656,8389.9
3870,13434,8143.21,15971,8294.2,14909,7844.62
3875,15298,8484.8,15840,17790.47,15760,17432.32
3880,15801,16437.95,14534,10481.64,14286,10894.75
3885,14632,12094.42,17239,12624.98,16309,12216.81
3890,15557,12250.27,14466,6955.44,13978,6819.32
3895,14726,7154.17,15452,8029.5,15363,7911.37
3900,14665,7840.43,16206,11716.57,15869,11446.75
3905,15102,7704.05,14034,7698.22,13680,7541.05
3910,14534,11243.73,15405,7912.71,14381,7626.9
3915,14136,7626.13,15090,8182.53,14538,8053.47
3920,14747,8118.9,14148,7297.54,14019,7396.47
3925,13923,7251.27,16357,9099.51,15707,8911.99
3930,15750,9282.72,13536,7519.68,13584,7684.48
3935,14141,7922.74,14864,13015.6,14200,12815.72
3940,13351,11842.74,15664,11489.85,15551,11301.88
3945,15567,12018.44,14728,7714.17,14284,7361.32
3950,14870,7431.5,15617,7641.47,14936,7469.67
3955,14290,7772.22,15766,8085.75,15178,7478.09
3960,14781,7128.04,17457,9901.79,17119,9981.91
3965,17438,10072.69,17243,11659.28,16067,9958.95
3970,16507,10377.99,16893,8339.99,16976,9563.58
3975,16835,9707.48,16687,15419.36,15308,8970.7
3980,15494,9157.91,16594,7882.34,16866,15321.35
3985,16715,15074.77,15923,10304.59,15900,10074.56
3990,16293,10765.67,16431,8197.52,15231,7825.88
3995,14949,7437.46,16804,10992.05,16737,10805.4
4000,16489,8482.73,16365,7782.46,16031,7833.95
4005,16573,10597.42,14783,7831.71,14082,7746.71
4010,14296,7864.94,15956,9700.54,15379,9375.02
4015,15360,9262.46,16048,11061.49,15354,10298.75
4020,15630,10400.48,16391,9430.89,16077,9884.72
4025,16451,9941.75,15769,10874.24,14857,9963.94
4030,14744,8972.57,16224,8165.85,15668,8673.07
4035,15434,10272.59,15471,8335.37,15321,8129.93
4040,16035,8432.63,15580,10552.52,14843,9842.57
4045,14493,9384.03,16283,8892.58,15733,9017.88
4050,15929,9505.42,14814,13448.9,15030,13299.6
4055,14950,13241.83,15446,8099.65,14417,7880.64
4060,14299,7856.43,14932,10783.68,15229,10808.6
4065,15518,11280.93,15686,8881.47,14250,8603.42
4070,14314,8694.34,15048,8971.91,15560,8969.35
4075,15303,9150.88,14680,8471.57,13986,7173.35
4080,14021,7396.1,15200,11013.36,14468,8978.08
4085,14485,9041.11,15869,18372.79,15959,19809.04
4090,15713,19579.84,16398,10757.07,15080,9798.58
4095,15999,10067.81,15936,10705.3,15091,10768.19
4100,14226,10495.97,13724,8107.79,14062,8381.81
4105,14220,8425.45,15120,11360.43,14606,11119.6
4110,14873,11170.16,15085,9471.91,14768,9664.6
4115,14744,9820.93,15805,8791.8,15487,8371.81
4120,15171,7577.52,18433,44564.9,17298,42322.79
4125,17223,43137.4,18332,19193.66,17768,18874.76
4130,17411,18706.8,16013,7494.2,15241,7291.62
4135,15725,7673.03,17388,8600.77,16725,8319.8
4140,16596,8742,16789,9434.94,15976,9221.48
4145,16447,9403.2,16609,8303.7,15918,8039.65
4150,16159,8151.3,16054,6940.31,15610,6774.29
4155,15387,6948.22,18788,55472.8,15028,6909.65
4160,15334,7060.58,14551,7977.48,16258,51894.54
4165,15744,51008.37,18039,11157.86,17200,8671.14
4170,17364,8959.07,16915,7843.26,17220,10569.75
4175,16981,10615.92,17813,10647.79,17293,9984.38
4180,17031,9931.38,15761,8941.5,14926,8080.81
4185,16001,8600.61,16960,9371.15,16393,9838.9
4190,15567,9771.61,16923,13686.84,16076,10277.89
4195,15609,7542.52,14840,9323.12,16787,12534.88
4200,17731,14153.19,8988,5767.71,10122,6159.19
