header,,,,,,,footer,,,,,,,,,,,,,,,,,,,,,,,,,,,,,,,,,,,,,,,,,,,,,,,,,,,,,,,,,,,,,,,,,,,,,,,,,,,,,,,,,,,,,,,,,,,,,,,,,,,,,,,,,,,,,,,,,,
servers,threads count,concurrency,run time,window,set_prop,get_prop,cmd_get,cmd_set,get_missed,written bytes,read_bytes,cmd_get,cmd_set,get_missed,written bytes,read_bytes,cmd_get,cmd_set,get_missed,written bytes,read_bytes,cmd_get,cmd_set,get_missed,written bytes,read_bytes,cmd_get,cmd_set,get_missed,written bytes,read_bytes,get events,get min,get max,get avg,get geo,get std,set events,set min,set max,set avg,set geo,set std,total events,total min,total max,total avg,total geo,total std,get events,get min,get max,get avg,get geo,get std,set events,set min,set max,set avg,set geo,set std,total events,total min,total max,total avg,total geo,total std,get events,get min,get max,get avg,get geo,get std,set events,set min,set max,set avg,set geo,set std,total events,total min,total max,total avg,total geo,total std,get events,get min,get max,get avg,get geo,get std,set events,set min,set max,set avg,set geo,set std,total events,total min,total max,total avg,total geo,total std,get events,get min,get max,get avg,get geo,get std,set events,set min,set max,set avg,set geo,set std,total events,total min,total max,total avg,total geo,total std
10.0.0.8:11212,1,1,30s,10k,set_prop=0.01,get_prop=0.99,53204,538,0,1256546,8782799,53460,541,0,1262520,8825220,52634,532,0,1243046,8688701,53680,543,0,1267818,8861379,53293,539,0,1258664,8797492,53203,145,9286,558,467.28,449.34,538,182,3609,560,476.28,400.39,53741,145,9286,558,467.37,448.89,53460,139,11695,555,464.99,445.67,540,191,3266,561,483.5,372.26,54000,139,11695,555,465.18,445.07,52633,142,9134,564,475.14,436.73,532,178,3306,568,482.84,392.45,53165,142,9134,564,475.21,436.35,53679,135,9279,553,463.5,431.23,543,167,5392,583,487.33,472.76,54222,135,9279,553,463.73,432.05,53292,142,9696,557,468.39,443.42,539,174,2871,537,466.23,356.32,53831,142,9696,557,468.37,442.39
10.0.0.8:11212,3,3,30s,10k,set_prop=0.01,get_prop=0.99,137484,1390,0,3246982,22695485,135390,1369,0,3197554,22349807,142102,1436,0,3355938,23457823,140515,1421,0,3318624,23195848,138634,1401,0,3274042,22885323,137481,151,9574,649,551.42,488.15,1390,181,3767,643,558.87,411.3,138871,151,9574,649,551.49,487.36,135387,144,10248,659,555.98,503.58,1369,182,6085,670,566.54,527.48,136756,144,10248,659,556.09,503.97,142099,141,11288,627,532.19,470.48,1436,166,3544,623,532.11,432.69,143535,141,11288,627,532.19,470.06,140512,152,9058,637,541.99,471.43,1421,181,7298,640,544.77,492.33,141933,152,9058,637,542.02,471.68,138631,146,11794,643,546.45,480.13,1401,197,10394,657,555.47,540.42,140032,146,11794,643,546.54,480.96
10.0.0.8:11212,5,5,30s,10k,set_prop=0.01,get_prop=0.99,210147,2126,0,4963284,34690438,212021,2145,0,5007552,34999800,214613,2170,0,5068576,35427680,211157,2136,0,4987104,34857168,209435,2119,0,4946500,34572902,210142,134,9336,708,606.82,502.9,2126,203,7255,727,623.23,524.79,212268,134,9336,708,606.98,503.39,212016,141,11312,701,600.75,498.99,2145,174,5218,717,615.52,495.31,214161,141,11312,701,600.89,499.18,214608,144,10212,692,589.7,515.75,2170,190,8060,707,604.29,518.17,216778,144,10212,692,589.84,515.97,211152,130,9515,703,596.32,531.76,2136,173,5071,716,607.56,527.31,213288,130,9515,704,596.43,530.57,209430,139,10581,709,605.48,508.31,2119,186,6660,730,623.01,526.9,211549,139,10581,709,605.66,508.79
10.0.0.8:11212,7,7,30s,10k,set_prop=0.01,get_prop=0.99,296712,3000,0,7007510,48980325,277362,2805,0,6550610,45786015,293899,2973,0,6941304,48515964,290077,2932,0,6850660,47885006,294542,2978,0,6956250,48622099,296705,122,11766,701,597.87,511.5,3000,173,4829,699,601.67,477.86,299705,122,11766,701,597.91,511.14,277355,133,11470,750,641,536.95,2805,152,5259,762,648.98,541.6,280160,133,11470,750,641.08,537.17,293892,130,9003,708,606.6,504.69,2973,168,4893,721,616.43,501.62,296865,130,9003,708,606.7,504.85,290070,122,8922,717,615.21,510.16,2932,169,7380,722,617.99,527.01,293002,122,8922,717,615.24,510.4,294535,117,9412,707,608.95,487.68,2978,180,6672,722,618.8,512.82,297513,117,9412,707,609.04,488.16
10.0.0.8:11212,9,9,30s,10k,set_prop=0.01,get_prop=0.99,351017,3550,0,8290176,57944720,343496,3474,0,8112554,56703147,348474,3523,0,8229910,57524909,355619,3595,0,8398620,58704410,352607,3565,0,8327418,58207347,351008,119,12638,765,653.29,546.18,3550,183,5400,768,662.73,518.36,354558,119,12638,765,653.38,545.95,343487,110,12225,779,662.22,565.99,3474,146,12173,798,672.67,660.45,346961,110,12225,779,662.32,567.28,348465,129,10680,768,657.64,537.17,3523,160,6099,773,663.03,545.9,351988,129,10680,768,657.69,537.33,355610,121,8876,752,645.83,518.34,3595,200,8790,767,656.22,555.84,359205,121,8876,752,645.94,518.95,352599,121,9755,758,638.87,565.14,3564,155,8956,773,649.52,570.69,356163,121,9755,758,638.98,565.4
10.0.0.8:11212,11,11,30s,10k,set_prop=0.01,get_prop=0.99,405950,4105,0,9587458,67012775,410856,4156,0,9703550,67822673,414341,4193,0,9786140,68397994,411254,4160,0,9712946,67888375,411270,4160,0,9713298,67891015,405939,133,11606,805,687.46,579.83,4105,154,7665,813,696.18,566.28,410044,133,11606,805,687.55,579.8,410845,132,10481,796,679.1,582.96,4156,183,8283,822,691.01,640.53,415001,132,10481,796,679.22,583.92,414330,135,10717,789,671.42,579.61,4193,182,8252,820,689.82,647.45,418523,135,10717,789,671.6,580.76,411243,125,12168,795,680.16,573.5,4160,173,7737,800,686.6,566.7,415403,125,12168,795,680.22,573.5,411259,132,10374,795,680.43,558.06,4160,170,9705,817,691.56,623.08,415419,132,10374,795,680.54,559.06
10.0.0.8:11212,13,13,30s,10k,set_prop=0.01,get_prop=0.99,469939,4753,0,11098714,77575971,467160,4726,0,11033394,77117063,460032,4655,0,10865218,75940375,452376,4574,0,10683826,74676487,444226,4494,0,10491726,73331097,469927,127,13572,822,684.74,686.65,4752,177,8869,830,691.99,706.55,474679,127,13572,822,684.82,686.95,467147,138,14282,827,699.49,632.11,4726,169,7501,827,707.33,579.57,471873,138,14282,827,699.57,631.6,460019,139,17480,839,702.12,686.83,4655,196,15139,876,721.73,781.97,464674,139,17480,840,702.31,687.09,452363,126,12573,853,684.06,838.94,4574,191,10559,874,693.11,890.06,456937,126,12573,854,684.15,838.67,444213,127,12576,869,705.69,818.65,4494,155,7573,888,718.49,830.2,448707,127,12576,869,705.82,818.97
10.0.0.8:11212,15,15,30s,10k,set_prop=0.01,get_prop=0.99,505104,5108,0,11929238,83380549,518256,5243,0,12240182,85551709,520766,5268,0,12299402,85966059,521107,5272,0,12307544,86022356,515520,5214,0,12175350,85100037,505089,128,13242,883,723.03,796.63,5108,168,7313,903,737.96,795.12,510197,128,13242,883,723.18,796.84,518241,136,12617,860,717.96,694.39,5243,191,7801,871,727.62,689.22,523484,136,12617,860,718.06,694.47,520751,127,14952,856,714.79,678.05,5268,154,9532,857,720.88,643.76,526019,127,14952,856,714.85,677.73,521092,123,12303,855,719.52,665.12,5272,166,9138,848,718.57,640.48,526364,123,12303,855,719.51,664.79,515505,121,14302,865,731.38,647.39,5214,179,7745,870,736.56,636.41,520719,121,14302,865,731.43,647.34
10.0.0.8:11212,17,17,30s,10k,set_prop=0.01,get_prop=0.99,556150,5626,0,13135086,91806953,551666,5579,0,13028918,91066717,551109,5576,0,13016184,90974788,541347,5476,0,12785420,89363258,550004,5564,0,12989954,90792367,556133,132,12479,907,747.46,778.42,5626,162,12235,905,743.08,795.02,561759,132,12479,907,747.41,778.57,551649,123,14394,915,740.73,831.47,5579,161,10964,920,746.58,827.16,557228,123,14394,915,740.79,831.48,551092,120,13970,916,753.47,792.97,5576,150,9195,922,759.13,799.34,556668,120,13970,916,753.52,793.1,541330,126,13850,932,750.48,886.17,5476,172,13082,960,759.57,967.94,546806,126,13850,933,750.57,886.28,549987,130,10049,918,744.11,838.07,5564,156,9759,941,758.41,874.84,555551,130,10049,918,744.25,838.7
10.0.0.8:11212,19,19,30s,10k,set_prop=0.01,get_prop=0.99,519996,5260,0,12281094,85838285,540510,5470,0,12766002,89224775,535516,5419,0,12647974,88400357,533737,5400,0,12605796,88106670,541703,5480,0,12793848,89421700,519977,128,19205,1085,797.48,1241.42,5260,158,10287,1084,799.04,1242.83,525237,128,19205,1085,797.49,1241.42,540491,142,15440,1044,797.43,1121.98,5470,203,12667,1063,804.66,1180.1,545961,142,15440,1044,797.5,1122.76,535497,132,14440,1054,803,1133.92,5419,140,12998,1050,805.39,1118.41,540916,132,14440,1054,803.03,1133.72,533718,127,14897,1056,804.88,1139.32,5400,147,10859,1073,816.14,1164.87,539118,127,14897,1057,804.99,1138.81,541684,130,15037,1042,795.37,1120.69,5480,192,12151,1013,791.63,1025,547164,130,15037,1041,795.33,1120.43
10.0.0.8:11212,21,21,30s,10k,set_prop=0.01,get_prop=0.99,583960,5913,0,13792600,96397396,599456,6067,0,14158290,98955311,574257,5811,0,13562952,94795428,594033,6012,0,14030184,98060076,590537,5977,0,13947672,97482956,583940,130,14768,1067,821.23,1122.42,5912,148,14767,1058,823.84,1065.54,589852,130,14768,1067,821.26,1121.78,599435,133,16399,1040,825.05,1007.91,6067,195,16086,1061,840.14,1025.34,605502,133,16399,1040,825.2,1008.3,574236,140,13995,1086,831.83,1153.71,5811,215,11154,1083,832.13,1145.71,580047,140,13995,1086,831.83,1153.6,594012,118,13168,1049,819.17,1066.54,6012,186,11293,1068,834.63,1072.87,600024,118,13168,1049,819.33,1066.79,590516,125,14726,1057,811.06,1100.79,5977,154,10532,1058,818.11,1077.39,596493,125,14726,1057,811.13,1100.56
10.0.0.8:11212,23,23,30s,10k,set_prop=0.01,get_prop=0.99,611842,6193,0,14450898,100999679,605767,6130,0,14307168,99996800,556246,5632,0,13138026,91821851,562861,5698,0,13294116,92913854,589923,5970,0,13933000,97381260,611819,138,14946,1115,852,1169.03,6193,167,12401,1135,866.86,1173.23,618012,138,14946,1115,852.15,1169.27,605744,135,15076,1127,849.99,1212.68,6130,196,13284,1116,848.73,1190.54,611874,135,15076,1127,849.98,1212.36,556223,141,15827,1227,877.83,1422.4,5632,178,11793,1221,876.74,1398.91,561855,141,15827,1227,877.82,1422.12,562838,132,18227,1212,874.85,1383.96,5698,177,10926,1242,898.07,1406.16,568536,132,18227,1213,875.08,1383.57,589900,140,17202,1157,863.42,1268.04,5970,175,11851,1185,876.82,1327.87,595870,140,17202,1157,863.55,1268.91
10.0.0.8:11212,25,25,30s,10k,set_prop=0.01,get_prop=0.99,578471,5858,0,13663092,95490454,572722,5798,0,13527014,94541389,599361,6066,0,14155952,98938968,614457,6219,0,14512544,101431032,598566,6056,0,14136862,98807713,578446,130,18757,1283,925.42,1434.27,5858,208,13055,1279,917.28,1459.23,584304,130,18757,1283,925.33,1434.48,572697,121,21747,1295,928.12,1477.83,5798,166,13261,1319,948.11,1479.05,578495,121,21747,1295,928.32,1478.05,599336,136,14462,1238,900.93,1385.86,6066,184,10168,1251,911.24,1383.56,605402,136,14462,1238,901.03,1385.96,614432,133,16281,1207,896.73,1316.2,6219,173,11196,1225,908.8,1326.68,620651,133,16281,1207,896.85,1316.47,598541,142,14297,1239,916.89,1352.78,6056,197,14055,1267,926.54,1408.52,604597,142,14297,1240,916.98,1352.7
10.0.0.8:11212,27,27,30s,10k,set_prop=0.01,get_prop=0.99,584613,5920,0,13808092,96504050,615696,6232,0,14541838,101635241,609771,6171,0,14401728,100657128,626610,6341,0,14799386,103436923,604190,6116,0,14270146,99735823,584586,126,15905,1370,974.97,1545.6,5920,174,11837,1365,978.13,1523.03,590506,126,15905,1370,975,1545.33,615669,138,26076,1301,940.92,1460.11,6232,196,12914,1313,950.09,1463.81,621901,138,26076,1301,941.01,1460.25,609744,145,20497,1313,945.23,1476.61,6171,178,12048,1330,955.98,1477.35,615915,145,20497,1314,945.34,1475.88,626583,124,19047,1278,933.27,1411.43,6341,153,13594,1314,954.26,1453.82,632924,124,19047,1278,933.48,1412.19,604163,127,20002,1328,944.21,1506.9,6116,197,12503,1347,958.73,1516.87,610279,127,20002,1328,944.35,1507.17
10.0.0.8:11212,29,29,30s,10k,set_prop=0.01,get_prop=0.99,588617,5960,0,13902536,97164700,603926,6118,0,14264614,99691949,625777,6333,0,14779736,103299084,580668,5880,0,13714720,95852632,618490,6260,0,14607742,102096145,588588,138,32615,1461,968.09,1804.88,5960,166,17267,1521,997.4,1877.51,594548,138,32615,1462,968.38,1805.3,603897,142,18378,1425,988.32,1651.4,6118,161,14833,1435,1001.78,1638.73,610015,142,18378,1425,988.45,1651.36,625748,144,20396,1375,975.84,1560.92,6333,201,20489,1414,988.6,1630.22,632081,144,20489,1375,975.97,1561.98,580640,153,23992,1481,1010.85,1736.43,5879,193,13461,1533,1036.99,1782.41,586519,153,23992,1482,1011.11,1736.49,618461,146,17041,1392,999.65,1557.82,6260,198,13191,1424,1019.52,1590.07,624721,146,17041,1392,999.85,1558.43
10.0.0.8:11212,31,31,30s,10k,set_prop=0.01,get_prop=0.99,591114,5985,0,13961426,97576575,600914,6082,0,14192546,99194351,630908,6389,0,14901534,104145817,627881,6357,0,14829820,103646106,624082,6319,0,14740024,103019124,591083,123,30617,1554,1039.57,1818.09,5985,151,15493,1546,1043.5,1784.5,597068,123,30617,1554,1039.61,1817.68,600883,137,19628,1529,1031.66,1790.62,6082,185,15526,1564,1054.12,1823.34,606965,137,19628,1529,1031.88,1791.25,630877,132,17470,1458,1020.94,1656.36,6389,203,14077,1448,1022.95,1627.49,637266,132,17470,1458,1020.97,1655.99,627850,139,17854,1464,1014.35,1690.67,6357,151,13067,1495,1026.85,1726.96,634207,139,17854,1465,1014.48,1690.44,624052,136,18461,1473,1011.81,1721,6318,178,16876,1469,1024.21,1699.39,630370,136,18461,1473,1011.94,1720.75
10.0.0.8:11212,33,33,30s,10k,set_prop=0.01,get_prop=0.99,609449,6173,0,14394832,100603024,631810,6394,0,14922134,104294357,651640,6598,0,15391034,107567939,626286,6343,0,14792170,103382803,645045,6530,0,15235064,106479220,609416,157,20494,1604,1079.14,1870.09,6173,186,20393,1650,1100.49,1914.69,615589,157,20494,1605,1079.36,1870.08,631777,138,18294,1549,1053.45,1788.6,6394,174,12082,1530,1053.54,1746.9,638171,138,18294,1549,1053.45,1788.02,651607,129,35112,1502,1024.22,1740.54,6598,180,13232,1506,1031.86,1736.61,658205,129,35112,1502,1024.3,1740.53,626255,132,26317,1562,1039.73,1852.3,6341,186,13260,1571,1058.91,1804.74,632596,132,26317,1562,1039.92,1851.9,645012,141,16210,1518,1034.86,1767.13,6530,182,13950,1571,1063.11,1821.38,651542,141,16210,1518,1035.14,1768.15
10.0.0.8:11212,35,35,30s,10k,set_prop=0.01,get_prop=0.99,644072,6524,0,15212654,106318297,610201,6180,0,14412314,100726987,638016,6459,0,15069022,105318537,651081,6595,0,15378212,107475350,653822,6621,0,15442674,107927823,644037,137,24718,1614,1080.44,1879.8,6524,197,10921,1630,1102.68,1855.69,650561,137,24718,1614,1080.66,1879.69,610167,145,33748,1699,1124.89,1975.83,6179,153,16146,1712,1145.17,1955.33,616346,145,33748,1699,1125.09,1975.73,637981,160,22993,1627,1085.5,1917.63,6459,213,16880,1649,1112.07,1894.83,644440,160,22993,1627,1085.76,1917.59,651046,142,17679,1596,1111.54,1784.19,6595,196,14906,1570,1105.3,1744.87,657641,142,17679,1596,1111.47,1783.57,653787,131,20802,1588,1067.08,1847.35,6621,177,12328,1573,1068.71,1797.36,660408,131,20802,1588,1067.09,1846.73
10.0.0.8:11212,37,37,30s,10k,set_prop=0.01,get_prop=0.99,650222,6588,0,15358150,107333229,642479,6506,0,15174408,106055292,648569,6568,0,15318584,107060324,633997,6421,0,14974480,104654768,631157,6395,0,14907840,104185960,650185,124,206257,1687,1144.3,1937.12,6588,176,17826,1755,1185.18,1975.69,656773,124,206257,1688,1144.7,1937.25,642444,155,18559,1708,1150.52,1957.3,6504,211,17653,1732,1167.43,1966.82,648948,155,18559,1709,1150.69,1956.73,648532,132,28707,1691,1122.32,1958.32,6568,195,18341,1735,1150.91,1987.67,655100,132,28707,1691,1122.6,1959,633960,136,27445,1730,1134.98,2032.28,6421,196,27080,1729,1131.18,2067.73,640381,136,27445,1730,1134.95,2032.62,631120,140,22779,1738,1130.85,2050.48,6395,193,17193,1757,1157.49,2026.69,637515,140,22779,1738,1131.11,2050.41
10.0.0.8:11212,39,39,30s,10k,set_prop=0.01,get_prop=0.99,611299,6195,0,14438920,100907460,664601,6731,0,15697186,109706735,656604,6654,0,15508794,108386771,640192,6484,0,15120806,105677117,655426,6640,0,15480914,108191975,611260,145,38451,1890,1205.49,2236.8,6195,193,22017,1963,1242.31,2308.98,617455,145,38451,1891,1205.86,2237.32,664563,129,37368,1745,1140.06,2021.51,6730,208,17843,1796,1164.49,2080.68,671293,129,37368,1746,1140.31,2021.7,656567,143,27463,1768,1150.37,2068.99,6652,186,16749,1776,1160.55,2037.9,663219,143,27463,1768,1150.48,2068.74,640153,139,31717,1807,1181.22,2092.99,6484,228,16580,1796,1182.22,2071.93,646637,139,31717,1807,1181.23,2092.69,655387,135,27927,1761,1147.04,2045.13,6640,184,16507,1805,1167.24,2104.21,662027,135,27927,1761,1147.24,2046.12
10.0.0.8:11212,41,41,30s,10k,set_prop=0.01,get_prop=0.99,652245,6610,0,15405950,107666697,661738,6702,0,15629516,109233778,658945,6680,0,15564688,108772600,666306,6750,0,15737830,109987725,650782,6593,0,15371182,107425009,652205,155,32456,1862,1190.97,2182.85,6609,202,20369,1897,1216.97,2203,658814,155,32456,1862,1191.23,2183.36,661698,151,26782,1838,1202.97,2096.13,6701,176,16233,1859,1214.94,2113.51,668399,151,26782,1838,1203.09,2096.49,658904,152,35376,1846,1197.93,2128.57,6680,213,16187,1899,1226.28,2157.06,665584,152,35376,1847,1198.21,2128.46,666265,137,27400,1826,1205.92,2057.03,6750,180,15970,1832,1212.05,2052.31,673015,137,27400,1826,1205.98,2057.03,650741,147,211158,1870,1217.59,2168.64,6593,168,16959,1912,1244.62,2178.64,657334,147,211158,1870,1217.85,2169.1
10.0.0.8:11212,43,43,30s,10k,set_prop=0.01,get_prop=0.99,669752,6790,0,15819860,110556462,677898,6867,0,16011530,111901011,666575,6755,0,15744366,110031977,659620,6686,0,15580454,108883693,679648,6886,0,16053070,112189913,669710,146,27122,1903,1268.81,2102.27,6789,171,15593,1928,1290.73,2078.3,676499,146,27122,1903,1269.03,2102.26,677855,149,25072,1884,1241.06,2121.23,6867,236,18241,1925,1268.33,2148.42,684722,149,25072,1885,1241.33,2120.98,666533,131,32864,1911,1232.87,2180.5,6754,207,19278,1915,1233.06,2182.61,673287,131,32864,1911,1232.87,2180.56,659577,134,36569,1940,1223.56,2280.01,6686,198,23136,1986,1259.66,2295.26,666263,134,36569,1940,1223.92,2280.56,679605,151,19975,1876,1213.67,2136.99,6886,197,15280,1880,1221.85,2132.51,686491,151,19975,1876,1213.75,2136.98
10.0.0.8:11212,45,45,30s,10k,set_prop=0.01,get_prop=0.99,683475,6926,0,16143482,112821515,666698,6756,0,15747326,110051793,655330,6643,0,15479150,108175169,644653,6533,0,15226656,106412584,684452,6937,0,16166598,112982965,683431,118,26216,1953,1256.14,2217.25,6925,188,21288,1985,1281.44,2233.29,690356,118,26216,1954,1256.39,2216.82,666653,148,41408,1998,1270.73,2291.8,6756,201,19267,2039,1302.36,2294.07,673409,148,41408,1998,1271.04,2292.18,655285,148,34940,2034,1299.6,2337.13,6643,187,20056,2100,1336.42,2386.75,661928,148,34940,2035,1299.97,2337.35,644608,153,43290,2068,1281.58,2456.78,6533,212,39492,2083,1289.61,2553,651141,153,43290,2068,1281.66,2457.89,684409,150,23879,1950,1239.96,2212.68,6935,179,13963,1977,1258.68,2219.71,691344,150,23879,1950,1240.14,2212.99
10.0.0.8:11212,47,47,30s,10k,set_prop=0.01,get_prop=0.99,683167,6923,0,16136320,112770184,672976,6821,0,15895798,111087853,649489,6585,0,15341324,107210610,683634,6927,0,16147096,112847428,669620,6788,0,15816686,110533849,683120,141,33773,2038,1301.86,2302.35,6923,191,31345,2084,1330.81,2341.98,690043,141,33773,2039,1302.15,2302.28,672929,161,41084,2071,1329.61,2338.51,6821,208,26207,2112,1359.68,2366.87,679750,161,41084,2071,1329.91,2339.16,649442,135,79997,2138,1318.79,2545.38,6585,170,31519,2216,1351.79,2631.53,656027,135,79997,2139,1319.11,2546.09,683588,136,36829,2040,1296.89,2313.95,6926,207,15776,2101,1331.46,2347.33,690514,136,36829,2040,1297.24,2314.84,669573,158,52879,2079,1313.45,2402.25,6788,176,23049,2167,1363.25,2468.52,676361,158,52879,2080,1313.94,2402.84
10.0.0.8:11212,49,49,30s,10k,set_prop=0.01,get_prop=0.99,677212,6863,0,15995666,111786799,686269,6959,0,16210004,113282286,688466,6978,0,16261654,113644629,678896,6883,0,16035914,112064819,692953,7026,0,16368048,114385368,677163,157,46753,2142,1369.62,2395.98,6863,192,21654,2133,1383.1,2332.66,684026,157,46753,2142,1369.75,2395.28,686222,143,59959,2117,1312.39,2479.76,6957,161,22395,2089,1310.19,2402.41,693179,143,59959,2117,1312.37,2478.76,688417,141,32217,2111,1325.36,2388.9,6978,201,20601,2154,1350.37,2459.68,695395,141,32217,2111,1325.61,2390,678847,144,44539,2139,1347.3,2448.77,6883,203,20133,2205,1386.72,2476.06,685730,144,44539,2139,1347.69,2449.63,692904,128,47965,2097,1323.64,2389.06,7026,210,25567,2154,1361.8,2426.75,699930,128,47965,2097,1324.01,2389.95
10.0.0.8:11212,51,51,30s,10k,set_prop=0.01,get_prop=0.99,693315,7027,0,16376128,114444776,679446,6887,0,16048472,112155428,667069,6767,0,15757116,110112106,693371,7031,0,16377862,114454205,687958,6974,0,16249794,113560447,693264,142,58025,2176,1343.78,2520.59,7027,202,33551,2296,1409.75,2624.44,700291,142,58025,2177,1344.42,2521.85,679396,150,48210,2223,1387.34,2540.12,6886,173,32295,2250,1411.25,2527.26,686282,150,48210,2223,1387.58,2540.23,667018,138,47183,2267,1398.21,2645.17,6767,207,22215,2299,1418.42,2632.29,673785,138,47183,2267,1398.41,2645.32,693321,147,33498,2178,1363.88,2467.75,7030,224,23406,2248,1403.71,2521.28,700351,147,33498,2179,1364.27,2468.04,687907,142,39975,2200,1381.92,2495.97,6974,223,19886,2219,1400.38,2477.58,694881,142,39975,2200,1382.11,2495.95
10.0.0.8:11212,53,53,30s,10k,set_prop=0.01,get_prop=0.99,688193,6978,0,16255560,113598924,667030,6761,0,15755254,110105293,703927,7137,0,16627148,116196306,676290,6861,0,15974836,111634150,701674,7115,0,16574062,115824385,688140,161,42537,2282,1430.86,2565.68,6978,196,23305,2309,1453.95,2588.23,695118,161,42537,2282,1431.09,2566.15,666977,159,57577,2356,1453.12,2727.33,6761,193,37297,2360,1468,2736.74,673738,159,57577,2356,1453.27,2727.46,703874,157,51131,2227,1414.84,2461.23,7137,210,25937,2250,1449.57,2429.05,711011,157,51131,2227,1415.19,2461.11,676238,143,58544,2321,1432.59,2706.82,6860,216,37345,2360,1463.74,2751.03,683098,143,58544,2321,1432.9,2707.6,701621,151,45376,2239,1407.8,2525.71,7115,186,26500,2214,1404.28,2512.83,708736,151,45376,2239,1407.77,2525.36
10.0.0.8:11212,55,55,30s,10k,set_prop=0.01,get_prop=0.99,701543,7112,0,16570656,115802416,696235,7061,0,16445720,114926188,673690,6833,0,15913112,111204596,691580,7015,0,16335950,114157745,708462,7182,0,16733936,116944768,701488,148,64859,2324,1453.55,2617.18,7112,205,36100,2314,1450.54,2615.53,708600,148,64859,2324,1453.52,2617.07,696180,160,60635,2343,1466.12,2636.86,7061,193,27442,2354,1477.86,2639.01,703241,160,60635,2343,1466.24,2636.98,673636,154,69269,2417,1484.95,2815.16,6832,223,37335,2491,1532.4,2850.97,680468,154,69269,2417,1485.42,2816.17,691525,127,86961,2356,1435.91,2802.24,7015,219,37266,2415,1485.21,2840.12,698540,127,86961,2357,1436.4,2802.29,708408,145,44158,2301,1443.43,2549.75,7181,235,21811,2346,1482.47,2535.98,715589,145,44158,2301,1443.82,2550.02
10.0.0.8:11212,57,57,30s,10k,set_prop=0.01,get_prop=0.99,713624,7237,0,16856256,117796608,685649,6953,0,16195504,113178304,687040,6966,0,16228186,113407923,710926,7210,0,16792580,117351222,713036,7234,0,16842978,117699407,713568,150,60480,2369,1484.76,2610.58,7236,194,26908,2432,1518.17,2674.81,720804,150,60480,2370,1485.09,2610.9,685592,141,75653,2460,1505.47,2868.18,6953,164,38133,2575,1568.48,2974.9,692545,141,75653,2462,1506.09,2868.57,686983,139,79291,2455,1478.07,2941.15,6966,160,78532,2400,1447.6,3068.9,693949,139,79291,2454,1477.76,2942.84,710870,128,37526,2375,1475.73,2594.28,7209,209,22171,2384,1500.51,2550.1,718079,128,37526,2375,1475.98,2593.92,712979,146,68601,2369,1470.18,2644.92,7234,194,31464,2387,1467.58,2683.6,720213,146,68601,2369,1470.16,2645.48
10.0.0.8:11212,59,59,30s,10k,set_prop=0.01,get_prop=0.99,716418,7268,0,16922778,118257379,718504,7287,0,16971572,118601878,722732,7329,0,17071308,119299834,710872,7210,0,16791486,117341825,683672,6933,0,16148766,112851609,716359,144,75095,2445,1515.36,2763.22,7268,221,32319,2437,1528.53,2706.44,723627,144,75095,2445,1515.49,2762.58,718446,112,51339,2431,1497.08,2702.55,7286,192,30284,2523,1547.14,2793.36,725732,112,51339,2432,1497.57,2703.42,722674,147,86031,2418,1497.45,2707.88,7328,193,29947,2451,1517.18,2713.18,730002,147,86031,2419,1497.64,2707.34,710813,167,52290,2456,1527.14,2744.25,7210,221,24417,2448,1532.01,2699.57,718023,167,52290,2456,1527.19,2743.73,683613,136,120608,2552,1531.28,3167.82,6933,187,48695,2607,1566.19,3128.03,690546,136,120608,2553,1531.63,3167.06
10.0.0.8:11212,61,61,30s,10k,set_prop=0.01,get_prop=0.99,710419,7207,0,16780720,117267040,708664,7187,0,16739186,116976991,704886,7153,0,16650630,116353349,685925,6959,0,16202310,113223389,711692,7219,0,16810922,117476867,710360,140,70921,2540,1557.4,2877.85,7205,198,30654,2571,1592.06,2804.49,717565,140,70921,2540,1557.75,2877.39,708603,150,56275,2540,1531.61,2883.22,7187,202,27237,2604,1589.19,2826.53,715790,150,56275,2541,1532.18,2882.35,704825,144,67309,2556,1485.42,3005.3,7153,177,36317,2619,1523.89,3029.88,711978,144,67309,2557,1485.8,3005.24,685865,137,134520,2634,1483.74,3444.43,6958,170,55513,2684,1507.74,3496.16,692823,137,134520,2634,1483.98,3445.34,711631,147,56662,2535,1559.65,2847.47,7219,194,33082,2585,1581.41,2929.01,718850,147,56662,2536,1559.87,2847.86
10.0.0.8:11212,63,63,30s,10k,set_prop=0.01,get_prop=0.99,698902,7095,0,16509382,115365509,695249,7056,0,16422914,114762295,698811,7089,0,16506558,115350289,695659,7060,0,16432436,114830134,727262,7381,0,17179200,120047040,698841,164,76022,2668,1630.7,3062.59,7093,225,45811,2722,1678.65,3069.44,705934,164,76022,2669,1631.18,3062.26,695187,152,132125,2683,1597.38,3284.3,7055,213,64407,2732,1628.29,3400.61,702242,152,132125,2683,1597.69,3285.89,698749,161,85984,2677,1609.56,3167.98,7088,214,40966,2787,1665.94,3249.24,705837,161,85984,2678,1610.12,3168.91,695598,146,95201,2683,1623.73,3192.08,7058,188,55435,2725,1652.79,3249.36,702656,146,95201,2684,1624.02,3192.18,727200,152,43459,2574,1581.35,2837.94,7380,205,31447,2633,1625.85,2854.23,734580,152,43459,2574,1581.79,2838.65
10.0.0.8:11212,65,65,30s,10k,set_prop=0.01,get_prop=0.99,710886,7210,0,16791662,117343145,679678,6902,0,16055806,112191361,689874,6999,0,16295500,113874634,701508,7118,0,16570626,115795039,726356,7367,0,17157122,119896951,710821,148,70688,2705,1670.55,2982.85,7210,180,43608,2764,1717.24,2980.84,718031,148,70688,2705,1671.02,2983.37,679613,147,128487,2828,1684.75,3539.16,6902,233,62658,2902,1733.9,3609.06,686515,147,128487,2828,1685.24,3540.47,689810,156,110096,2787,1626.3,3563.95,6998,239,49528,2887,1696.74,3575.83,696808,156,110096,2788,1627,3564.08,701443,144,90182,2740,1606.83,3331.84,7118,170,69974,2759,1637.61,3466.01,708561,144,90182,2740,1607.14,3333.37,726291,162,51648,2652,1611.12,2955.44,7367,213,46054,2704,1641.95,3002.34,733658,162,51648,2652,1611.42,2956.39
,,,,,,,,,,,,,,,,,,,,,,,,,,,,,,,,,,,,,,,,,,,,,,,,,,,,,,,,,,,,,,,,,,,,,,,,,,,,,,,,,,,,,,,,,,,,,,,,,,,,,,,,,,,,,,,,,,,,,,,,,
2 SERVERS,,,,,,,,,,,,,,,,,,,,,,,,,,,,,,,,,,,,,,,,,,,,,,,,,,,,,,,,,,,,,,,,,,,,,,,,,,,,,,,,,,,,,,,,,,,,,,,,,,,,,,,,,,,,,,,,,,,,,,,,,
,,,,,,,,,,,,,,,,,,,,,,,,,,,,,,,,,,,,,,,,,,,,,,,,,,,,,,,,,,,,,,,,,,,,,,,,,,,,,,,,,,,,,,,,,,,,,,,,,,,,,,,,,,,,,,,,,,,,,,,,,
10.0.0.8:11212,1,1,30s,10k,set_prop=0.01,get_prop=0.99,37315,377,0,881228,6159826,36667,371,0,866012,6052858,35207,356,0,831492,5811838,34262,347,0,809262,5655841,35259,357,0,832796,5820426,37314,136,52573,797,516.5,1379.02,377,182,8061,763,492.8,1319.49,37691,136,52573,797,516.26,1378.23,36666,136,66309,811,517.3,1441.81,371,157,7704,786,514.52,1305.33,37037,136,66309,811,517.27,1440.35,35206,137,14659,843,527.93,1433.1,356,183,8853,953,553.52,1687.64,35562,137,14659,844,528.18,1435.94,34261,133,10127,866,531.57,1495.69,347,149,8145,990,592.76,1657.87,34608,133,10127,868,532.15,1496.99,35258,137,63866,841,528.36,1472.21,357,180,8130,1047,580.93,1820.11,35615,137,63866,843,528.86,1476.26
10.0.0.8:11212,64,64,30s,10k,set_prop=0.01,get_prop=0.99,642806,6525,0,15184324,106104630,688805,6991,0,16270862,113698193,675779,6859,0,15963170,111547847,687328,6978,0,16236288,113454384,682389,6922,0,16118670,112639001,642742,142,107915,2945,1670.95,3645.98,6525,176,65626,3045,1725.42,3966.33,649267,142,107915,2946,1671.49,3649.35,688741,142,89971,2756,1609.5,3291.55,6991,172,69731,2804,1647.95,3307.71,695732,142,89971,2756,1609.88,3292.12,675715,154,84422,2808,1642.13,3232.02,6859,186,33567,2832,1670.77,3185.48,682574,154,84422,2809,1642.42,3230.9,687264,161,113539,2761,1614.91,3133.54,6978,172,43982,2749,1633.66,3047.47,694242,161,113539,2761,1615.1,3132.58,682325,131,99822,2779,1618.65,3206.16,6922,202,64723,2880,1682.18,3430.22,689247,131,99822,2780,1619.27,3208.51
10.0.0.8:11212,3,3,30s,10k,set_prop=0.01,get_prop=0.99,94393,955,0,2229380,15581990,94755,959,0,2237984,15641752,95143,962,0,2247000,15705796,106750,1080,0,2521234,17621895,95130,962,0,2246714,15703651,94390,142,78122,946,602.94,1606.84,955,184,7951,889,596.21,1403.14,95345,142,78122,945,602.87,1605.18,94752,139,31718,942,603.8,1551.8,959,181,8374,944,614.03,1512.75,95711,139,31718,942,603.9,1551.42,95140,148,12431,937,597.05,1531.5,962,177,12633,961,600.73,1600.93,96102,148,12633,938,597.08,1531.74,106747,133,87883,838,566.75,1423.96,1080,196,8821,910,600.71,1453.98,107827,133,87883,839,567.08,1424.11,95127,143,140193,937,602.55,1651.14,962,197,140120,1020,598.43,4695.68,96089,143,140193,938,602.51,1708.58
10.0.0.8:11212,64,64,30s,10k,set_prop=0.01,get_prop=0.99,655276,6650,0,15478526,108163337,674744,6848,0,15938502,111377141,658845,6686,0,15562804,108752510,618813,6280,0,14617140,102143982,672666,6826,0,15889404,111033938,655213,158,84870,2892,1668.62,3415.62,6649,205,62718,2960,1733.54,3390.25,661862,158,84870,2893,1669.26,3415.1,674681,154,64910,2811,1635.49,3215.36,6847,214,36583,2800,1648.58,3157.09,681528,154,64910,2811,1635.62,3214.68,658782,148,90481,2884,1651.12,3345.75,6685,172,33909,3004,1701.46,3489.61,665467,148,90481,2886,1651.62,3346.56,618750,128,154882,3073,1664.42,4090.24,6279,183,111927,3179,1718.49,4446.11,625029,128,154882,3074,1664.96,4094.03,672602,132,140342,2819,1682.46,3320.81,6826,178,105145,2807,1685.01,3224.65,679428,132,140342,2819,1682.49,3319.76
10.0.0.8:11212,5,5,30s,10k,set_prop=0.01,get_prop=0.99,145735,1475,0,3442060,24057250,141043,1428,0,3331316,23282694,154917,1567,0,3658784,25573016,165542,1675,0,3909814,27327005,165031,1670,0,3897772,27242650,145730,144,83671,1025,680.7,1661.19,1475,172,9055,1027,687.52,1548.02,147205,144,83671,1025,680.77,1660.1,141038,132,47908,1054,671.44,1690.51,1428,177,12620,1150,705.22,1802.19,142466,132,47908,1055,671.77,1691.66,154912,142,19035,960,632.64,1508.74,1567,157,8786,948,633.55,1487.52,156479,142,19035,960,632.65,1508.45,165537,130,20772,899,609.71,1408.69,1675,195,8777,915,629.07,1374.26,167212,130,20772,899,609.9,1408.45,165026,134,214332,901,609.86,1798.18,1670,173,10748,914,621.13,1420.41,166696,134,214332,901,609.97,1794.85
10.0.0.8:11212,64,64,30s,10k,set_prop=0.01,get_prop=0.99,640686,6502,0,15133866,105754803,667527,6771,0,15767546,110185563,654344,6648,0,15457702,108009541,622985,6323,0,14715804,102832706,617201,6262,0,14578934,101877701,640623,163,84469,2961,1737.32,3480.27,6501,179,47473,3081,1801.4,3525.59,647124,163,84469,2963,1737.95,3480.07,667463,145,85419,2853,1674.91,3216.72,6771,197,53530,2946,1735.16,3259.02,674234,145,85419,2854,1675.5,3217.1,654281,135,83401,2901,1673.42,3310.35,6647,168,44462,2957,1715.47,3328.79,660928,135,83401,2902,1673.84,3310.15,622922,162,126579,3046,1689.65,3716.32,6322,200,50797,3157,1765.4,3740.48,629244,162,126579,3047,1690.4,3716.67,617137,142,214654,3075,1695.85,4193.34,6262,214,213257,3154,1709.52,5536.08,623399,142,214654,3076,1695.98,4208.81
10.0.0.8:11212,7,7,30s,10k,set_prop=0.01,get_prop=0.99,212450,2149,0,5017586,35070287,211662,2141,0,4998970,34940203,205870,2083,0,4862266,33984059,218786,2215,0,5167538,36116255,227365,2301,0,5370036,37532478,212443,117,190833,980,661.43,1795.07,2149,166,26480,1017,675.06,1598.36,214592,117,190833,980,661.56,1793.41,211655,136,121882,983,672.6,1599.34,2141,165,16893,1047,703.29,1571.35,213796,136,121882,984,672.9,1598.85,205863,131,72268,1015,703.1,1529.99,2083,177,15549,1056,727.16,1540.7,207946,131,72268,1015,703.34,1530.37,218779,130,17306,954,658.14,1429.88,2215,185,9747,1027,682.71,1563.13,220994,130,17306,955,658.38,1431.11,227358,124,39502,919,636.42,1395,2301,176,8840,905,641.9,1305.28,229659,124,39502,919,636.47,1394.04
10.0.0.8:11212,64,64,30s,10k,set_prop=0.01,get_prop=0.99,643879,6537,0,15209712,106281928,672475,6825,0,15885042,111002415,663936,6738,0,15683264,109592784,669827,6799,0,15822488,110565444,655679,6655,0,15488192,108229872,643816,151,196386,2947,1694.46,3822.04,6536,161,195872,3009,1720.72,4127.47,650352,151,196386,2947,1694.72,3825.71,672411,146,126021,2820,1689.22,3241.75,6825,178,41814,2868,1722.84,3103.05,679236,146,126021,2821,1689.56,3239.94,663872,161,72578,2865,1703.12,3275.23,6738,235,72537,2932,1751.72,3391.16,670610,161,72578,2866,1703.6,3276.13,669764,160,52858,2834,1665.25,3139.09,6798,216,50247,2814,1663.21,3139.24,676562,160,52858,2834,1665.23,3138.91,655616,150,56840,2894,1674.54,3249.77,6654,182,53612,2950,1716.18,3318.63,662270,150,56840,2895,1674.95,3250.08
10.0.0.8:11212,9,9,30s,10k,set_prop=0.01,get_prop=0.99,274824,2781,0,6490890,45366723,266768,2699,0,6300538,44036827,263028,2662,0,6212338,43419431,263801,2669,0,6230464,43547032,258506,2614,0,6105174,42672917,274815,127,51300,975,684.14,1425.05,2781,148,11052,1012,695.7,1484.07,277596,127,51300,976,684.25,1425.22,266759,131,12402,1008,689.04,1473.07,2699,167,10059,996,689.46,1424.82,269458,131,12402,1008,689.05,1472.51,263019,131,225527,1020,704.17,2036.39,2662,163,14026,984,698.4,1408.96,265681,131,225527,1020,704.11,2030.88,263792,140,31855,1015,696.21,1491.14,2669,171,8794,1056,712.18,1538.44,266461,140,31855,1015,696.37,1491.9,258497,120,16739,1039,707.5,1515.41,2614,198,9668,1055,718.29,1518.92,261111,120,16739,1039,707.61,1515.56
10.0.0.8:11212,64,64,30s,10k,set_prop=0.01,get_prop=0.99,646412,6562,0,15269576,106699916,658809,6685,0,15561990,108746405,667080,6771,0,15757712,110111808,672233,6824,0,15879282,110962791,680258,6904,0,16068908,112287242,646348,142,78262,2936,1697.64,3357.95,6562,196,35290,2990,1744.03,3343.38,652910,142,78262,2936,1698.1,3358.28,658745,157,76910,2882,1700.02,3169.61,6685,195,22999,2944,1748.25,3130.32,665430,157,76910,2883,1700.5,3168.88,667016,162,225621,2858,1683.53,3888.75,6771,218,225236,2863,1702.46,4058.25,673787,162,225621,2858,1683.72,3890.52,672171,168,56304,2835,1683.57,3091.35,6822,191,47733,2879,1716.69,3197.97,678993,168,56304,2836,1683.9,3091.93,680194,164,83788,2797,1672.96,3067.77,6904,258,41906,2879,1720.87,3163.08,687098,164,83788,2797,1673.43,3069.5
10.0.0.8:11212,11,11,30s,10k,set_prop=0.01,get_prop=0.99,336560,3406,0,7948900,55557990,310240,3139,0,7327278,51212897,307910,3118,0,7272658,50828279,305548,3092,0,7216534,50438341,300486,3040,0,7096850,49602695,336550,128,11400,972,706.02,1323.53,3405,166,9023,991,715.41,1345.76,339955,128,11400,972,706.11,1323.89,310229,134,21126,1054,716.62,1525.56,3139,140,8414,1059,729.69,1491.9,313368,134,21126,1055,716.75,1524.57,307899,138,89047,1062,720.64,1601.35,3118,178,16786,1118,736.48,1663.04,311017,138,89047,1062,720.8,1602.36,305537,137,28866,1070,724.27,1567.8,3092,206,28825,1098,739.22,1650.87,308629,137,28866,1071,724.41,1568.16,300475,136,86554,1089,751.01,1637.54,3040,159,13297,1091,756.1,1537.57,303515,136,86554,1089,751.06,1636.58
10.0.0.8:11212,64,64,30s,10k,set_prop=0.01,get_prop=0.99,646465,6565,0,15271084,106708842,674526,6844,0,15933204,111340982,657945,6684,0,15542546,108604151,664311,6743,0,15692176,109654856,660305,6704,0,15597804,108993554,646402,158,55863,2935,1728.6,3193.51,6564,202,26576,3005,1776.33,3217.48,652966,158,55863,2936,1729.08,3193.48,674462,154,70098,2818,1686.89,3032.21,6844,209,70073,2848,1719.71,3128.15,681306,154,70098,2818,1687.22,3033.47,657883,151,89580,2885,1705.51,3229.53,6682,220,24400,2939,1748.91,3143.49,664565,151,89580,2885,1705.94,3229.16,664248,139,67230,2857,1697.26,3128.9,6742,192,37589,2914,1744.96,3140.5,670990,139,67230,2857,1697.73,3129.54,660242,131,86827,2875,1718.3,3311.83,6703,235,86293,2936,1773.61,3497.81,666945,131,86827,2875,1718.85,3314.29
10.0.0.8:11212,13,13,30s,10k,set_prop=0.01,get_prop=0.99,384751,3893,0,9087116,63512914,350317,3545,0,8273888,57828520,338699,3427,0,7999412,55910606,340792,3451,0,8049298,56256143,333070,3370,0,7866454,54981365,384738,135,41825,1004,739.23,1361.38,3893,166,41749,1036,753.71,1480.07,388631,135,41825,1005,739.37,1362.12,350304,131,119806,1104,755.06,1826.08,3545,189,14164,1090,759.39,1513.84,353849,131,119806,1104,755.1,1823.13,338686,131,266469,1145,761.3,2337.01,3427,190,10269,1180,786.26,1621.19,342113,131,266469,1146,761.55,2330.61,340779,140,226245,1135,767.71,2224.7,3451,146,10884,1131,779.93,1561.63,344230,140,226245,1135,767.83,2219.01,333057,134,37663,1160,764.9,1680.55,3370,155,11566,1178,775.87,1666.08,336427,134,37663,1160,765.01,1680.53
10.0.0.8:11212,64,64,30s,10k,set_prop=0.01,get_prop=0.99,652891,6627,0,15422514,107769471,646328,6558,0,15267088,106686024,652449,6625,0,15412332,107696682,625491,6353,0,14775598,103246593,649915,6598,0,15352264,107278356,652827,160,120583,2909,1721.2,3576.92,6627,224,40511,2874,1732.57,3080.35,659454,160,120583,2908,1721.32,3572.8,646264,159,84758,2939,1738.65,3237.72,6558,199,40789,3007,1788.63,3250.76,652822,159,84758,2939,1739.14,3238.48,652386,154,266376,2909,1719.92,4353.08,6624,249,51597,2914,1756.82,3128.99,659010,154,266376,2909,1720.29,4342.53,625429,159,226022,3035,1740.11,4047.81,6351,213,27995,3078,1779.8,3364.5,631780,159,226022,3036,1740.5,4041.09,649852,156,112431,2913,1710.33,3305.25,6597,200,73101,2973,1749.73,3459.56,656449,156,112431,2913,1710.72,3307.37
10.0.0.8:11212,15,15,30s,10k,set_prop=0.01,get_prop=0.99,429322,4344,0,10139794,70870407,371767,3762,0,8780464,61369176,381992,3865,0,9021894,63057125,384426,3891,0,9079602,63458943,373987,3783,0,8832664,61735644,429307,137,13135,1038,741.21,1388.35,4344,181,12995,1058,747.31,1430.81,433651,137,13135,1038,741.27,1388.93,371752,127,11723,1204,800.28,1676.86,3762,179,10444,1213,813.34,1672.02,375514,127,11723,1204,800.41,1676.87,381977,130,27555,1168,791.26,1623.54,3865,172,15991,1225,814.47,1706.48,385842,130,27555,1168,791.49,1624.81,384411,147,132148,1162,788.61,1806.58,3891,187,13839,1180,798.17,1649.52,388302,147,132148,1162,788.7,1805.19,373972,115,124663,1193,793.77,2032.41,3783,191,15314,1194,800.29,1663.93,377755,115,124663,1193,793.84,2029.06
10.0.0.8:11212,64,64,30s,10k,set_prop=0.01,get_prop=0.99,617255,6269,0,14581104,101886824,641638,6515,0,15157028,105911830,612954,6226,0,14479602,101176815,643560,6530,0,15201712,106229080,658349,6678,0,15550750,108670449,617192,161,82085,3075,1792.05,3470.46,6268,191,73539,3154,1828.89,3657.53,623460,161,82085,3076,1792.42,3472.22,641574,157,92768,2961,1762.15,3226.74,6515,228,43887,2927,1762.22,3192.54,648089,157,92768,2960,1762.16,3227,612891,151,119453,3099,1781.77,3491.53,6225,198,62671,3203,1837.74,3800.13,619116,151,119453,3100,1782.32,3494.82,643496,165,133018,2949,1762.89,3556.16,6530,175,119574,2929,1759.85,3449.63,650026,165,133018,2949,1762.86,3554.94,658285,163,97124,2882,1695.27,3650.35,6678,213,96873,2888,1700.07,3730.12,664963,163,97124,2882,1695.32,3651.21
10.0.0.8:11212,17,17,30s,10k,set_prop=0.01,get_prop=0.99,440249,4456,0,10398064,72673928,402375,4072,0,9503396,66421646,399066,4040,0,9425478,65875405,404672,4096,0,9557770,66800843,404924,4101,0,9564114,66842463,440232,124,85768,1147,785.9,1749.45,4456,187,18318,1178,800.96,1612.62,444688,124,85768,1147,786.05,1748.33,402358,134,43090,1255,834.87,1726.2,4072,199,36068,1303,857.03,1834.96,406430,134,43090,1256,835.09,1726.95,399049,147,50722,1266,840.78,1762.91,4040,198,10590,1350,872.74,1839.27,403089,147,50722,1267,841.09,1763.59,404655,130,50979,1248,823.25,1755.62,4096,178,50892,1247,818.97,1878.35,408751,130,50979,1248,823.21,1756.88,404907,119,73843,1248,820.59,1789.1,4101,176,14117,1251,825.62,1728.59,409008,119,73843,1248,820.64,1788.53
10.0.0.8:11212,64,64,30s,10k,set_prop=0.01,get_prop=0.99,607794,6172,0,14357580,100324826,607359,6164,0,14346730,100252987,666120,6762,0,15734738,109953807,646955,6567,0,15282322,106789551,651337,6609,0,15385446,107512917,607730,157,102170,3126,1807.86,3573.18,6172,196,43262,3160,1842.14,3605.6,613902,157,102170,3127,1808.21,3572.93,607295,159,85957,3129,1810.28,3499.15,6164,219,35596,3073,1813.56,3307.55,613459,159,85957,3128,1810.31,3497.67,666059,163,115798,2853,1734.63,3102.89,6759,246,47481,2936,1775.09,3153.62,672818,163,115798,2853,1735.03,3104.18,646891,160,78734,2933,1758.39,3250.92,6567,162,55268,3005,1803.01,3212.58,653458,160,78734,2934,1758.83,3250.29,651273,166,85372,2911,1757.82,3179.16,6609,225,28688,2959,1806.05,3113.53,657882,166,85372,2911,1758.3,3178.95
10.0.0.8:11212,19,19,30s,10k,set_prop=0.01,get_prop=0.99,422947,4281,0,9989238,69817525,397862,4029,0,9397186,65676327,405923,4109,0,9587328,67007032,409612,4148,0,9674726,67616029,388115,3930,0,9166912,64067280,422929,137,53954,1334,887.66,1781.07,4280,169,11109,1366,912.12,1755.87,427209,137,53954,1335,887.9,1780.31,397843,140,78612,1419,903.82,1994.45,4029,200,54990,1463,911.14,2136.84,401872,140,78612,1420,903.9,1995.53,405904,145,69120,1392,883.47,1992.91,4109,187,12430,1369,875.87,1873.79,410013,145,69120,1392,883.39,1991.59,409593,136,85712,1384,881.26,1966.01,4148,185,21209,1398,888.69,1901.34,413741,136,85712,1385,881.33,1964.77,388096,138,46805,1461,920.03,1980.18,3930,192,15184,1484,931.07,1983.21,392026,138,46805,1461,920.14,1980.37
10.0.0.8:11212,64,64,30s,10k,set_prop=0.01,get_prop=0.99,615959,6254,0,14550192,101672864,633042,6429,0,14954156,104492802,626610,6360,0,14801612,103430970,653028,6629,0,15425710,107792249,648880,6587,0,15327872,107107336,615896,140,134286,3088,1834.44,3484.64,6253,194,66401,3156,1884.42,3534.69,622149,140,134286,3089,1834.93,3484.87,632978,171,79041,3004,1790.71,3364.56,6429,224,38855,3039,1829.24,3188.26,639407,171,79041,3005,1791.09,3362.25,626546,150,86483,3028,1790.04,3394.05,6360,195,43806,3136,1872.18,3307.74,632906,150,86483,3029,1790.84,3393.28,652965,163,153007,2912,1764.77,3112.4,6628,215,45730,2960,1799.94,3131.76,659593,163,153007,2912,1765.12,3113.05,648816,163,125918,2925,1733.31,3339.47,6587,204,55445,2962,1767.57,3407.92,655403,163,125918,2926,1733.65,3339.61
10.0.0.8:11212,21,21,30s,10k,set_prop=0.01,get_prop=0.99,432143,4373,0,10206226,71335271,433142,4384,0,10230102,71500037,415032,4204,0,9802882,68510447,411843,4171,0,9727444,67983998,416847,4220,0,9845372,68810050,432123,135,39339,1445,922.2,1928.83,4372,182,22986,1459,933.37,1907.95,436495,135,39339,1445,922.31,1928.72,433121,135,177145,1441,917.38,2276.04,4384,161,85222,1461,931.6,2286.91,437505,135,177145,1441,917.52,2276.27,415011,143,323966,1504,950.46,2740.08,4204,188,10002,1516,971.39,1951.09,419215,143,323966,1504,950.67,2733.36,411822,149,110780,1518,946.17,2218.92,4171,206,53722,1532,960.25,2147.11,415993,149,110780,1518,946.31,2218.31,416826,136,114074,1497,939.52,2116.23,4220,182,10086,1501,944.43,1964.66,421046,136,114074,1497,939.57,2114.79
10.0.0.8:11212,64,64,30s,10k,set_prop=0.01,get_prop=0.99,596889,6058,0,14099292,98524746,633726,6437,0,14970484,104605726,638976,6489,0,15094166,105472549,618080,6274,0,14600192,102022832,639491,6494,0,15106434,105557407,596826,163,183218,3185,1844.56,3965.35,6057,198,175879,3275,1914.15,4071.98,602883,163,183218,3186,1845.24,3966.36,633662,167,329252,2993,1766.77,4440.05,6437,203,329336,3213,1823.52,8202.29,640099,167,329336,2996,1767.33,4493.11,638913,158,110707,2970,1780.02,3376.82,6488,225,104103,2996,1820.62,3375.54,645401,158,110707,2971,1780.43,3376.16,618016,144,118250,3073,1823.9,3428.61,6274,194,114783,3178,1883.8,3579.65,624290,144,118250,3074,1824.49,3430.22,639427,141,112359,2964,1718.33,3587.74,6494,221,105142,3052,1762.45,3808.95,645921,141,112359,2965,1718.77,3589.95
10.0.0.8:11212,23,23,30s,10k,set_prop=0.01,get_prop=0.99,470845,4767,0,11120804,77723766,428798,4343,0,10127930,70782619,430096,4355,0,10158406,70996885,392455,3975,0,9269504,64783080,414513,4196,0,9790140,68424418,470822,132,122103,1451,933.19,2260.06,4767,167,98002,1472,941.41,2350.44,475589,132,122103,1451,933.27,2261.11,428775,145,26523,1600,1002.44,2079.07,4343,184,19127,1608,1006.84,2088.22,433118,145,26523,1600,1002.49,2079.22,430073,130,68717,1590,988.15,2131.61,4355,166,68706,1605,994.45,2487.67,434428,130,68717,1590,988.22,2135.58,392432,140,385101,1743,1046.44,3776.79,3975,188,16274,1659,1033.81,2100.71,396407,140,385101,1742,1046.32,3763.77,414490,133,183283,1650,1010.17,2549.54,4196,204,26032,1641,1010.81,2187.98,418686,133,183283,1650,1010.17,2546.11
10.0.0.8:11212,64,64,30s,10k,set_prop=0.01,get_prop=0.99,628143,6379,0,14838240,103684224,635422,6447,0,15009120,104885960,633573,6437,0,14967118,104580481,614556,6237,0,14516606,101441233,625710,6347,0,14779732,103282366,628080,155,98181,3023,1817.93,3218.36,6378,205,36875,3010,1829.72,3142.96,634458,155,98181,3023,1818.05,3217.48,635360,156,88024,2997,1826.21,3231.16,6445,259,69364,3031,1864.76,3269.68,641805,156,88024,2998,1826.6,3230.94,633509,165,385909,2996,1802.76,4979.23,6437,211,382702,3018,1834.27,5742.69,639946,165,385909,2997,1803.07,4987.02,614493,145,180825,3092,1820.55,3855.75,6236,223,180613,3209,1898.31,4019.75,620729,145,180825,3094,1821.31,3856.79,625646,145,125106,3037,1801.46,3395.98,6347,211,57030,3129,1858.33,3416.6,631993,145,125106,3038,1802.02,3396.13
10.0.0.8:11212,25,25,30s,10k,set_prop=0.01,get_prop=0.99,465851,4715,0,11002572,76899010,437483,4431,0,10333036,72216018,423504,4294,0,10003578,69908387,412293,4175,0,9737896,68057620,406233,4118,0,9595318,67057421,465826,131,61473,1602,1000.7,2147.61,4715,140,19341,1608,1002.35,2086.08,470541,131,61473,1602,1000.72,2147.05,437458,152,54621,1706,1044.16,2230.13,4431,194,13712,1769,1073.64,2254.5,441889,152,54621,1706,1044.45,2230.87,423479,147,182762,1755,1061.72,2646.35,4294,196,182645,1805,1073.62,3690.58,427773,147,182762,1756,1061.84,2658.54,412268,138,96711,1805,1079.28,2408.14,4175,204,21881,1764,1065.92,2261.48,416443,138,96711,1805,1079.15,2406.41,406209,136,56575,1829,1095.03,2359.25,4117,174,56550,1896,1115.62,2738.4,410326,136,56575,1830,1095.23,2363.11
10.0.0.8:11212,64,64,30s,10k,set_prop=0.01,get_prop=0.99,577832,5870,0,13650096,95378680,572624,5819,0,13527360,94518952,568706,5775,0,13434124,93872130,582089,5909,0,13749990,96081397,626535,6359,0,14799802,103418587,577768,168,92477,3286,1914.66,3657.6,5870,224,45560,3328,1941.13,3602.32,583638,168,92477,3286,1914.92,3657.43,572560,162,212470,3330,1948.42,4125.15,5819,228,48468,3371,1988.15,3512.47,578379,162,212470,3330,1948.81,4119.77,568642,160,107342,3341,1930.58,3769.36,5775,238,43153,3372,1983.49,3535.94,574417,160,107342,3342,1931.1,3766.47,582025,162,106031,3270,1932.6,3521.34,5909,214,60070,3316,1963.07,3627.67,587934,162,106031,3270,1932.9,3522.85,626471,158,116381,3034,1828.03,3458.09,6359,201,34138,3017,1834.94,3158.16,632830,158,116381,3034,1828.1,3455.05
10.0.0.8:11212,27,27,30s,10k,set_prop=0.01,get_prop=0.99,451600,4574,0,10666446,74546137,415254,4210,0,9808594,68546135,396386,4021,0,9363120,65431560,398155,4033,0,9404096,65723384,412000,4176,0,9731566,68008953,451573,151,98417,1778,1086.34,2454.28,4574,229,13930,1786,1089.38,2256.81,456147,151,98417,1778,1086.37,2452.44,415227,135,202804,1938,1161.47,2904.59,4210,203,73401,1989,1181.04,2851.49,419437,135,202804,1939,1161.66,2903.73,396360,153,88653,2026,1191.26,2829.25,4020,197,68916,2003,1185.24,2664.06,400380,153,88653,2026,1191.2,2827.47,398128,154,67842,2017,1206.1,2500.33,4033,206,16207,2052,1220.82,2470.75,402161,154,67842,2018,1206.24,2499.51,411973,143,103911,1957,1171.6,2640.72,4176,196,19774,1948,1180.45,2380.43,416149,143,103911,1957,1171.69,2638.17
10.0.0.8:11212,64,64,30s,10k,set_prop=0.01,get_prop=0.99,572689,5816,0,13528172,94529810,582124,5915,0,13751582,96087377,614500,6239,0,14515832,101431852,585232,5942,0,13824416,96600256,609479,6189,0,14397370,100602987,572626,166,204429,3320,1979.3,4076.72,5815,258,204427,3440,2027.8,5227.88,578441,166,204429,3321,1979.78,4090.08,582061,157,88906,3266,1924.92,3781.85,5914,212,88621,3337,1957.18,4102.35,587975,157,88906,3266,1925.24,3785.83,614436,152,68476,3093,1905.48,3169.05,6239,262,46021,3102,1928.07,3074.37,620675,152,68476,3093,1905.7,3168.2,585168,163,105166,3250,1961.36,3555.35,5942,249,97853,3357,2040.28,3814.9,591110,163,105166,3252,1962.13,3557.22,609415,145,274992,3119,1856.64,4183.7,6189,237,246467,3182,1899.77,4454.2,615604,145,274992,3119,1857.07,4186.98
10.0.0.8:11212,29,29,30s,10k,set_prop=0.01,get_prop=0.99,443397,4495,0,10473296,73191680,405901,4111,0,9586944,67001768,415408,4210,0,9811800,68571372,398861,4042,0,9421024,65839616,404759,4104,0,9560562,66813439,443368,134,294165,1944,1169.15,3145.73,4495,199,26749,2047,1221.5,2493.04,447863,134,294165,1945,1169.66,3139.89,405872,139,99025,2126,1280.08,2579.42,4111,202,12001,2134,1294.94,2449.46,409983,139,99025,2126,1280.23,2578.22,415380,139,90147,2086,1256.69,2574.28,4209,191,18911,2066,1261.64,2406.16,419589,139,90147,2086,1256.74,2572.48,398832,155,70821,2173,1282.38,2706.59,4042,181,14866,2151,1284.31,2521.94,402874,155,70821,2172,1282.4,2705.42,404731,154,191344,2139,1265.09,2999.18,4103,182,190603,2232,1300.58,3977.06,408834,154,191344,2140,1265.44,3010.54
10.0.0.8:11212,64,64,30s,10k,set_prop=0.01,get_prop=0.99,596712,6055,0,14094918,98495517,595605,6048,0,14069444,98312806,582212,5914,0,13753358,96101889,536138,5444,0,12664668,88495762,576516,5858,0,13619224,95161444,596649,123,99846,3187,1949.04,3221.55,6054,223,22891,3241,1987,3144.69,602703,123,99846,3188,1949.41,3220.33,595542,147,90651,3201,1960.54,3269.08,6047,156,43386,3254,2005.22,3179.06,601589,147,90651,3202,1960.99,3267.73,582149,173,71926,3280,2004.49,3356.56,5913,249,51174,3301,2025.72,3330.95,588062,173,71926,3280,2004.7,3356.51,536074,159,191988,3562,2131.56,4051.79,5444,196,50142,3633,2192.57,3627.58,541518,159,191988,3563,2132.16,4047.5,576452,161,80996,3297,2010.73,3395.06,5858,252,60962,3362,2054.91,3518.98,582310,161,80996,3298,2011.17,3396
10.0.0.8:11212,31,31,30s,10k,set_prop=0.01,get_prop=0.99,452920,4591,0,10698118,74763413,390602,3963,0,9226642,64475919,423254,4290,0,9997306,69866115,405510,4111,0,9578160,66937080,388280,3939,0,9171718,64092597,452889,160,61566,2039,1246.58,2495.38,4591,192,21899,1998,1240.79,2366.38,457480,160,61566,2038,1246.52,2494.6,390571,165,93211,2364,1422.83,2872.8,3963,237,92914,2364,1431.14,2974.95,394534,165,93211,2364,1422.92,2873.84,423223,140,62757,2179,1280.74,2708.47,4290,187,48660,2226,1316.34,2652.87,427513,140,62757,2180,1281.09,2707.49,405480,130,26404,2277,1357.17,2581.57,4110,180,17672,2271,1367.69,2545.73,409590,130,26404,2277,1357.28,2581.15,388249,139,299363,2377,1404.61,3712.31,3939,167,28615,2424,1439.3,2680.2,392188,139,299363,2377,1404.95,3703.68
10.0.0.8:11212,64,64,30s,10k,set_prop=0.01,get_prop=0.99,573092,5819,0,13537656,94596172,525046,5336,0,12403364,86664718,550989,5600,0,13016074,90947739,584067,5937,0,13797710,96408305,598450,6075,0,14136492,98782290,573028,171,93180,3320,2094.99,3367.47,5819,229,92661,3414,2144.9,3525.71,578847,171,93180,3321,2095.49,3369.06,524982,157,65095,3629,2166.8,3686.48,5336,259,63365,3624,2177.21,3746.94,530318,157,65095,3629,2166.9,3687.04,550927,182,54785,3455,2123.82,3303.71,5598,204,25905,3531,2180.53,3326.79,556525,182,54785,3456,2124.38,3303.71,584005,177,299405,3257,2030.98,4331.06,5935,250,299323,3327,2025.91,6277,589940,177,299405,3258,2030.93,4354.74,598386,153,222815,3176,1942.2,3256.3,6075,183,61223,3248,1983.3,3380.73,604461,153,222815,3177,1942.61,3257.31
10.0.0.8:11212,33,33,30s,10k,set_prop=0.01,get_prop=0.99,417403,4235,0,9859740,68899930,421840,4277,0,9963798,69632685,401593,4073,0,9486000,66289984,423413,4293,0,10001240,69892044,437954,4437,0,10344182,72292461,417370,152,66775,2353,1386.93,2726.96,4235,215,18999,2380,1405.39,2682.44,421605,152,66775,2353,1387.12,2726.75,421809,159,60957,2338,1387.29,2713.17,4275,201,42417,2356,1398.49,2677.45,426084,159,60957,2338,1387.4,2712.96,401560,156,45950,2446,1459.67,2749.12,4073,204,36287,2496,1484.34,2779.8,405633,156,45950,2446,1459.92,2749.88,423380,128,81515,2328,1378.21,2797.14,4293,245,81264,2398,1410.04,2973.42,427673,128,81515,2329,1378.53,2798.73,437921,147,28825,2241,1334.94,2597.7,4437,210,27614,2314,1371.85,2647.08,442358,147,28825,2242,1335.31,2597.98
10.0.0.8:11212,64,64,30s,10k,set_prop=0.01,get_prop=0.99,520381,5285,0,12292574,85894585,570971,5797,0,13487474,94246031,539585,5482,0,12746444,89064978,526896,5352,0,12446486,86970253,592771,6019,0,14002456,97844964,520317,151,63736,3660,2220.39,3550.26,5285,257,63736,3741,2288.77,3560.14,525602,151,63736,3661,2221.07,3550.17,570907,167,73149,3330,2070.68,3208.24,5797,244,23365,3350,2111.14,3126.76,576704,167,73149,3330,2071.08,3207.64,539522,180,91588,3529,2110.82,3600.81,5481,261,53167,3521,2124.91,3555.83,545003,180,91588,3529,2110.96,3600.28,526833,152,73472,3616,2155.1,3527.14,5351,180,33486,3651,2189.42,3545.46,532184,152,73472,3617,2155.44,3526.66,592708,178,74102,3210,2019.81,3021.65,6018,219,42267,3220,2024.32,3054.07,598726,178,74102,3210,2019.85,3022.08
10.0.0.8:11212,35,35,30s,10k,set_prop=0.01,get_prop=0.99,428706,4350,0,10126624,70765672,423783,4298,0,10009998,69952961,429417,4354,0,10142906,70883019,455471,4617,0,10758174,75184033,458916,4653,0,10839862,75752589,428672,147,42085,2438,1464.63,2656.47,4349,190,22051,2508,1506.21,2699.03,433021,147,42085,2439,1465.05,2656.64,423749,159,34782,2459,1504.35,2624.2,4297,191,34722,2445,1505.55,2618.97,428046,159,34782,2459,1504.36,2624.01,429383,151,55374,2426,1439.69,2717.68,4353,214,17802,2487,1481.49,2710.42,433736,151,55374,2427,1440.1,2717.27,455437,167,62023,2288,1374.44,2638.58,4616,173,14555,2278,1379.54,2556.88,460053,167,62023,2288,1374.49,2637.68,458881,141,22025,2270,1361.3,2585.19,4653,202,10814,2251,1355.45,2559.28,463534,141,22025,2269,1361.24,2585.63
10.0.0.8:11212,64,64,30s,10k,set_prop=0.01,get_prop=0.99,586669,5956,0,13858270,96837473,564373,5736,0,13332420,93157030,529886,5380,0,12516884,87463670,529913,5380,0,12517478,87468125,550676,5595,0,13008250,90896211,586605,163,131021,3255,2084.03,3017.67,5956,242,28505,3284,2110.6,2977.78,592561,163,131021,3255,2084.3,3017.59,564310,167,83969,3377,2065.79,3305.49,5735,189,24922,3391,2088.17,3223.96,570045,167,83969,3377,2066.02,3304.82,529822,168,74861,3592,2136.64,3580.39,5380,231,59435,3631,2177.35,3559.57,535202,168,74861,3592,2137.05,3580.58,529849,163,113063,3590,2137.53,3554.99,5380,195,28922,3672,2187.78,3562.7,535229,163,113063,3591,2138.03,3554.89,550615,177,98277,3457,2127.62,3461.46,5592,260,97885,3451,2131.07,3511.14,556207,177,98277,3457,2127.66,3461.9
10.0.0.8:11212,37,37,30s,10k,set_prop=0.01,get_prop=0.99,438756,4450,0,10363818,72424235,428413,4345,0,10119334,70716957,424045,4301,0,10016336,69995728,436402,4426,0,10308052,72035790,452560,4590,0,10689906,74703015,438719,131,104659,2510,1503.78,2911.06,4450,207,104628,2522,1494.6,3254.02,443169,131,104659,2511,1503.69,2913.95,428377,141,33114,2571,1530.53,2795.7,4344,185,21858,2514,1498.91,2756.61,432721,141,33114,2570,1530.21,2795.71,424008,163,57461,2596,1539.27,2877.9,4301,222,57399,2575,1533.56,2882.23,428309,163,57461,2596,1539.21,2877.75,436366,153,60668,2521,1499.55,2789.5,4425,196,60590,2627,1532.03,3183.19,440791,153,60668,2522,1499.87,2793.8,452523,149,30661,2432,1451.64,2682.08,4590,229,17846,2422,1445.33,2690.8,457113,149,30661,2431,1451.58,2682.98
10.0.0.8:11212,64,64,30s,10k,set_prop=0.01,get_prop=0.99,590565,5997,0,13950542,97480641,588871,5980,0,13910554,97200995,596663,6058,0,14094320,98487456,576005,5850,0,13606564,95077222,540332,5493,0,12764500,89188478,590501,154,41938,3222,1998.39,3094.44,5997,218,28467,3168,1977.72,3028.4,596498,154,41938,3222,1998.18,3093.22,588807,147,57443,3232,1977.28,3217.57,5980,226,26340,3260,1998.45,3178.83,594787,147,57443,3232,1977.49,3217.46,596600,118,66735,3188,1984.8,3086.3,6057,249,59829,3151,1973.23,3087.4,602657,118,66735,3187,1984.68,3086.96,575942,152,34978,3303,2013,3203.21,5849,234,29680,3367,2056.39,3231.51,581791,152,34978,3304,2013.43,3203.13,540270,167,200439,3525,2143.31,4107.79,5491,255,107485,3574,2194.8,3592.3,545761,167,200439,3526,2143.82,4102.49
10.0.0.8:11212,39,39,30s,10k,set_prop=0.01,get_prop=0.99,435195,4416,0,10279992,71836068,474324,4810,0,11203594,78295819,487193,4943,0,11508268,80419954,494643,5016,0,11683848,81649788,503229,5104,0,11886820,83067182,435156,160,200473,2667,1594.72,3428.94,4416,204,133967,2675,1613.5,3411.07,439572,160,200473,2667,1594.91,3428.82,474287,152,78973,2457,1477.59,2844.19,4808,204,16004,2446,1482.93,2668.06,479095,152,78973,2457,1477.64,2842.38,487154,147,240418,2380,1453.21,3275.46,4943,190,240412,2491,1501.3,4303.23,492097,147,240418,2381,1453.69,3287.48,494604,143,41491,2345,1407.7,2634.3,5016,195,18496,2381,1436.2,2633.84,499620,143,41491,2345,1407.98,2634.61,503190,148,18504,2310,1413.51,2518.89,5104,196,14696,2335,1432.74,2519.74,508294,148,18504,2310,1413.7,2519.13
10.0.0.8:11212,64,64,30s,10k,set_prop=0.01,get_prop=0.99,587989,5968,0,13889230,97055369,584533,5938,0,13808398,96484889,546982,5558,0,12921338,90286091,551081,5599,0,13017938,90962911,546066,5547,0,12899426,90134863,587925,151,83575,3235,1969.57,3326.11,5968,195,82655,3246,1993.8,3288.42,593893,151,83575,3235,1969.82,3325.84,584469,165,240888,3266,1997.81,4056.97,5938,232,27088,3310,2061.09,3147.17,590407,165,240888,3266,1998.44,4049.19,546919,171,65037,3475,2069.32,3476.42,5557,221,46759,3573,2141.3,3508.59,552476,171,65037,3476,2070.03,3476.74,551019,151,87623,3461,2086.9,3471.45,5597,214,43738,3558,2140.92,3493.19,556616,151,87623,3462,2087.44,3471.66,546003,176,167684,3488,2150.54,4049.83,5546,213,165052,3569,2188.69,4508.69,551549,176,167684,3488,2150.92,4055.41
10.0.0.8:11212,41,41,30s,10k,set_prop=0.01,get_prop=0.99,466039,4729,0,11008182,76927973,486660,4937,0,11495538,80331631,479256,4860,0,11320330,79109355,476180,4832,0,11248178,78601591,492515,4996,0,11633788,81298178,466001,150,170272,2619,1573.99,3438,4726,276,29208,2696,1633.13,2808.48,470727,150,170272,2620,1574.57,3432.08,486619,145,195671,2505,1471.19,3878.73,4937,183,109101,2577,1512.74,3693.53,491556,145,195671,2505,1471.6,3877.39,479215,142,46741,2544,1513.78,2793.17,4860,178,36892,2589,1520.43,2875.05,484075,142,46741,2544,1513.85,2794.42,476139,148,94424,2563,1488.44,3123.54,4832,254,57416,2579,1504.58,3042.18,480971,148,94424,2563,1488.6,3122.86,492474,151,49404,2481,1464.29,2784.73,4996,198,17975,2453,1464.49,2722.84,497470,151,49404,2481,1464.29,2783.86
10.0.0.8:11212,64,64,30s,10k,set_prop=0.01,get_prop=0.99,590147,5993,0,13940706,97411639,607083,6165,0,14340818,100207455,568137,5770,0,13420668,93778362,547357,5560,0,12930046,90347825,566636,5760,0,13386184,93530460,590083,164,191909,3219,1953.85,4449.51,5993,241,191857,3321,1973.49,5361.3,596076,164,191909,3220,1954.05,4459.63,607019,153,74667,3135,1921.1,3141.1,6165,224,39480,3248,1987.46,3220.49,613184,153,74667,3136,1921.76,3142.06,568074,155,221210,3348,1957.53,3772.67,5769,181,75972,3418,2013.26,3832.47,573843,155,221210,3349,1958.08,3773.02,547293,162,82643,3475,2043.22,3545.5,5560,228,38668,3649,2159.94,3626.83,552853,162,82643,3476,2044.36,3547.1,566572,163,89233,3360,2084.95,3490.85,5760,181,78118,3386,2109.54,3510.81,572332,163,89233,3360,2085.2,3491.3
10.0.0.8:11212,43,43,30s,10k,set_prop=0.01,get_prop=0.99,469782,4765,0,11096658,77545055,515800,5233,0,12183796,85141926,497913,5050,0,11761140,82188950,503794,5110,0,11900122,83159795,506431,5135,0,11961860,83595414,469739,157,89055,2722,1660.54,3119.27,4765,193,74987,2820,1702.89,3391.32,474504,157,89055,2723,1660.96,3122.11,515758,156,34209,2476,1510.25,2694.12,5232,208,17149,2464,1516.01,2649.29,520990,156,34209,2476,1510.31,2693.56,497870,153,76276,2567,1536.55,2890.39,5050,208,76045,2594,1566.2,2977,502920,153,76276,2568,1536.85,2890.63,503751,162,22507,2537,1534.96,2702.3,5110,208,14396,2601,1575.28,2722.38,508861,162,22507,2537,1535.36,2703.12,506390,154,68047,2525,1521.41,2917.14,5133,237,27783,2488,1512.15,2731.11,511523,154,68047,2525,1521.31,2915.01
10.0.0.8:11212,64,64,30s,10k,set_prop=0.01,get_prop=0.99,555616,5647,0,13125526,91711413,574960,5839,0,13581952,94904552,579767,5886,0,13695226,95698083,593764,6030,0,14026200,98008740,551898,5605,0,13037148,91097450,555553,144,86408,3422,2084.59,3353.99,5646,190,41605,3528,2155.55,3468.71,561199,144,86408,3423,2085.29,3355.24,574896,156,76900,3307,2021.91,3316.17,5839,220,35427,3329,2050.69,3251.1,580735,156,76900,3308,2022.2,3314.74,579703,163,62631,3279,2021.98,3158.09,5886,182,19129,3303,2050.15,3143.05,585589,163,62631,3280,2022.26,3157.15,593700,152,100122,3205,1937.73,3517.81,6030,213,68345,3326,1994.15,3893.8,599730,152,100122,3206,1938.29,3522.01,551834,160,121147,3447,2104.27,4052.62,5605,223,80740,3453,2142.94,3620.04,557439,160,121147,3447,2104.65,4048.55
10.0.0.8:11212,45,45,30s,10k,set_prop=0.01,get_prop=0.99,480273,4872,0,11344536,79276596,498803,5064,0,11782778,82335739,494846,5022,0,11689142,81682341,532299,5397,0,12572970,87865243,550103,5581,0,12994236,90804218,480228,157,113150,2799,1689.57,3447.53,4872,281,108228,2802,1706.94,3418.22,485100,157,113150,2799,1689.74,3447.25,498759,147,75064,2693,1597.15,3000.21,5063,208,74232,2705,1618.36,3069.4,503822,147,75064,2693,1597.36,3001.01,494801,131,158901,2701,1598.41,3419.33,5022,215,22891,2737,1637.24,2904.25,499823,131,158901,2702,1598.79,3414.04,532255,145,58064,2513,1517.19,2827.08,5396,205,50506,2535,1533.88,2864.27,537651,145,58064,2514,1517.35,2826.76,550058,152,92870,2432,1470.68,2817.87,5581,191,40116,2479,1507.51,2718.74,555639,152,92870,2433,1471.05,2816.44
10.0.0.8:11212,64,64,30s,10k,set_prop=0.01,get_prop=0.99,591947,6012,0,13983070,97709105,610258,6199,0,14415970,100731759,576529,5858,0,13619372,95163746,547036,5558,0,12922388,90295158,522604,5308,0,12345160,86261564,591885,157,77132,3227,1937.64,3367.54,6010,241,26690,3255,1975.09,3276.2,597895,157,77132,3227,1938.01,3366.9,610195,158,159145,3112,1919.73,3540.77,6198,236,158930,3181,1942.23,4737.5,616393,158,159145,3113,1919.96,3554.54,576466,159,75978,3296,2008.38,3371.59,5857,195,55798,3365,2082.66,3306.92,582323,159,75978,3297,2009.11,3370.65,546974,144,106866,3476,2070.33,3745.52,5556,226,92638,3560,2153.83,3763.79,552530,144,106866,3477,2071.15,3745.56,522540,173,82133,3645,2254.78,3413.81,5308,194,28106,3632,2252.72,3370.87,527848,173,82133,3645,2254.76,3413.23
10.0.0.8:11212,47,47,30s,10k,set_prop=0.01,get_prop=0.99,516400,5239,0,12197868,85240314,526329,5344,0,12433106,86879439,541014,5488,0,12779078,89303773,542147,5502,0,12806382,89490673,509926,5175,0,12045338,84171435,516354,161,31011,2709,1655.74,2792.16,5238,252,27293,2754,1680.71,2830.08,521592,161,31011,2709,1655.99,2792.98,526283,150,68107,2654,1586.88,3070.95,5343,217,60595,2682,1602.96,3044.5,531626,150,68107,2655,1587.04,3070.06,540969,163,129507,2580,1543,3397.92,5486,175,117134,2570,1541.81,3410.64,546455,163,129507,2580,1542.99,3397.97,542101,147,101612,2582,1562.11,2903.02,5501,234,16694,2638,1601.92,2778.96,547602,147,101612,2583,1562.5,2901.41,509879,160,61811,2738,1588.47,3084.12,5175,200,46604,2816,1638.48,3171.01,515054,160,61811,2739,1588.96,3084.82
10.0.0.8:11212,64,64,30s,10k,set_prop=0.01,get_prop=0.99,589526,5988,0,13926106,97309291,583560,5926,0,13785072,96324248,595726,6052,0,14072608,98332960,560025,5686,0,13228764,92439210,527500,5360,0,12461192,87069820,589463,164,91512,3223,1952.47,3551.48,5987,253,52535,3197,1943.53,3416.71,595450,164,91512,3223,1952.38,3549.92,583496,147,129434,3259,1929.28,3933.09,5926,176,122776,3378,1988.76,4461.75,589422,147,129434,3260,1929.87,3938.93,595664,146,101832,3189,1958.15,3291.62,6050,172,23582,3193,1966.42,3123.06,601714,146,101832,3189,1958.23,3290,559962,148,93136,3395,1957.91,3739.42,5685,192,51900,3433,1995.17,3719.1,565647,148,93136,3396,1958.28,3738.65,527436,147,72164,3612,2161.79,3619.9,5360,193,60814,3791,2275.82,3694.65,532796,147,72164,3614,2162.91,3620.51
10.0.0.8:11212,49,49,30s,10k,set_prop=0.01,get_prop=0.99,510907,5183,0,12067880,84333348,547246,5555,0,12927134,90331945,523798,5317,0,12373198,86461121,541399,5493,0,12788442,89366851,570337,5783,0,13471616,94143784,510860,130,62743,2864,1716.02,3080.17,5181,202,61691,2905,1734.34,3381.21,516041,130,62743,2864,1716.21,3083.72,547197,152,81399,2671,1604.83,3006.32,5555,204,80649,2711,1606.64,3300.61,552752,152,81399,2672,1604.85,3008.89,523749,149,37114,2778,1675.33,2917.88,5317,218,24841,2882,1733,2992.78,529066,149,37114,2779,1675.9,2918.7,541351,160,176005,2689,1626.29,3262.8,5492,214,27705,2796,1669.46,2961.05,546843,160,176005,2691,1626.72,3259.16,570288,151,119299,2551,1552.86,2963.02,5783,198,35836,2598,1590.41,2837.26,576071,151,119299,2551,1553.23,2962.19
10.0.0.8:11212,64,64,30s,10k,set_prop=0.01,get_prop=0.99,589909,5988,0,13934532,97372486,615598,6252,0,14541792,101613440,603247,6126,0,14250186,99574203,562790,5715,0,13294372,92895510,537706,5469,0,12702888,88754996,589846,144,93979,3226,1957.8,3419.28,5987,181,81428,3293,1992.67,3640.29,595833,144,93979,3227,1958.15,3421.27,615536,154,65310,3100,1922.68,3043.57,6250,203,25683,3220,2004.18,3099.27,621786,154,65310,3101,1923.48,3044.37,603183,155,175063,3151,1939.79,3561.15,6126,217,31734,3217,2001.41,3126.83,609309,155,175063,3152,1940.4,3556.76,562726,141,119410,3382,1993.5,3824.05,5715,170,61009,3436,2040.82,3624.46,568441,141,119410,3382,1993.97,3822.57,537644,154,285968,3537,2138.73,4533.22,5467,188,285949,3727,2205.77,6405.03,543111,154,285968,3539,2139.39,4555.86
10.0.0.8:11212,51,51,30s,10k,set_prop=0.01,get_prop=0.99,522218,5304,0,12336176,86200144,552437,5607,0,13049474,91188703,561133,5692,0,13254524,92624066,562734,5710,0,13292626,92888375,568545,5770,0,13430068,93847670,522168,158,286547,2908,1733.49,3954.64,5303,211,191486,2878,1732.54,3902.23,527471,158,286547,2908,1733.48,3953.9,552387,149,121880,2743,1652.98,3084.21,5606,213,108734,2790,1691.86,3198.39,557993,149,121880,2743,1653.36,3085.8,561082,140,77045,2700,1623.69,2959.25,5692,216,24546,2651,1598.05,2873.08,566774,140,77045,2699,1623.43,2958.86,562683,145,68760,2693,1627.77,2949.6,5710,204,43404,2745,1655.41,2938.52,568393,145,68760,2694,1628.05,2949.06,568494,154,94310,2675,1624.81,2957.38,5770,200,48085,2656,1621.74,2825.64,574264,154,94310,2675,1624.78,2955.91
10.0.0.8:11212,64,64,30s,10k,set_prop=0.01,get_prop=0.99,602123,6111,0,14223058,99388623,590463,5995,0,13947978,97463795,599956,6097,0,14173144,99030956,593611,6030,0,14022696,97983652,572529,5812,0,13524012,94503378,602059,125,124061,3157,1940.64,3378.93,6111,159,42787,3210,1979.65,3193.73,608170,125,124061,3158,1941.03,3376.69,590399,160,143482,3216,1926.67,3507.25,5995,199,44416,3214,1940.26,3486.39,596394,160,143482,3216,1926.8,3507.02,599892,145,68282,3165,1970.67,3159.2,6097,219,67483,3283,2039.06,3399.86,605989,145,68282,3166,1971.34,3161.92,593548,160,91276,3200,1957.38,3302.8,6029,224,91127,3376,2065.79,3648.21,599577,160,91276,3202,1958.44,3306.27,572466,143,115279,3325,2048.14,3513.69,5811,186,42878,3287,2040.23,3212.54,578277,143,115279,3325,2048.06,3510.43
10.0.0.8:11212,53,53,30s,10k,set_prop=0.01,get_prop=0.99,540885,5491,0,12776450,89281679,547346,5554,0,12929086,90347777,540935,5489,0,12777644,89289442,555464,5637,0,13120410,91688539,581745,5906,0,13742046,96026585,540835,159,115187,2912,1783.67,3183.05,5488,227,115128,2987,1841.03,3334.31,546323,159,115187,2913,1784.24,3184.39,547293,152,114926,2889,1709.39,3236.25,5554,208,28420,2903,1725.23,3066.81,552847,152,114926,2889,1709.55,3234.71,540882,138,136790,2920,1700.64,3482.58,5489,229,56293,2967,1731.19,3412.42,546371,138,136790,2920,1700.94,3482.27,555415,153,86037,2834,1684.61,3231.14,5633,229,63363,2840,1708.8,3135.85,561048,153,86037,2834,1684.86,3230.25,581693,135,43792,2705,1636.48,2858.27,5905,181,29163,2700,1656.26,2790.85,587598,135,43792,2705,1636.68,2857.55
10.0.0.8:11212,64,64,30s,10k,set_prop=0.01,get_prop=0.99,609400,6184,0,14394832,100589912,592212,6015,0,13989656,97752540,575275,5841,0,13589202,94956543,556066,5652,0,13136088,91785860,532280,5408,0,12574032,87858904,609336,162,115899,3119,1886.28,3403.96,6184,189,115466,3159,1907.88,3606.98,615520,162,115899,3119,1886.49,3406.43,592148,162,122236,3211,1915.37,3526.32,6015,218,68552,3354,1992.15,3686.36,598163,162,122236,3212,1916.13,3528.39,575211,169,112229,3308,1987.67,3589.1,5841,264,43691,3366,2033.37,3498.68,581052,169,112229,3309,1988.13,3587.82,556004,145,127209,3425,1994.83,3775.51,5650,224,65176,3647,2129.3,3954.13,561654,145,127209,3427,1996.14,3777.62,532216,156,109884,3574,2160.79,3568.47,5408,168,46485,3556,2167.76,3476.63,537624,156,109884,3574,2160.86,3567.38
10.0.0.8:11212,55,55,30s,10k,set_prop=0.01,get_prop=0.99,566840,5755,0,13390070,93565565,551052,5592,0,13016516,90959398,569624,5779,0,13455020,94025274,574070,5824,0,13560170,94759067,561823,5707,0,13271878,92737533,566785,131,71150,2881,1768.44,2917.81,5755,226,46483,2955,1801.88,3035.77,572540,131,71150,2882,1768.77,2918.78,550998,133,55515,2973,1758.15,3108.41,5591,229,20286,2971,1775.71,3054.99,556589,133,55515,2973,1758.32,3107.86,569570,147,87898,2868,1710.54,3329.2,5778,168,87787,2950,1765.77,3582.59,575348,147,87898,2869,1711.08,3331.69,574015,158,57387,2844,1699.27,2996.4,5824,198,32472,2879,1718.39,3055.47,579839,158,57387,2845,1699.46,2996.38,561769,150,96211,2907,1721.43,3179.87,5706,192,45528,2917,1739.83,3139.02,567475,150,96211,2907,1721.61,3179.55
10.0.0.8:11212,64,64,30s,10k,set_prop=0.01,get_prop=0.99,611477,6210,0,14444548,100932982,609282,6186,0,14392556,100570458,604235,6136,0,14273384,99737460,610130,6194,0,14412354,100710599,590039,5993,0,13938330,97393819,611414,149,69381,3113,1895.51,3147.78,6209,229,37481,3173,1943.58,3143.79,617623,149,69381,3113,1895.99,3148.34,609218,153,88422,3118,1894.9,3406.86,6186,240,80396,3154,1922.24,3485.4,615404,153,88422,3118,1895.18,3407.99,604172,154,75464,3146,1914.22,3177.62,6135,191,40802,3234,1965.33,3242.14,610307,154,75464,3146,1914.72,3179.16,610067,161,87592,3114,1891.57,3229.68,6193,209,29673,3126,1903.93,3175.16,616260,161,87592,3114,1891.69,3229.25,589975,167,54005,3225,2037.84,3058.58,5993,263,31489,3279,2073.69,3095.64,595968,167,54005,3226,2038.19,3058.48
10.0.0.8:11212,57,57,30s,10k,set_prop=0.01,get_prop=0.99,527428,5354,0,12458802,87059047,587921,5966,0,13887430,97045445,588413,5970,0,13899032,97126500,580111,5887,0,13703108,95756006,578400,5867,0,13662128,95473688,527371,158,82114,3209,1974.23,3212.76,5354,176,35239,3278,2023.95,3215.43,532725,158,82114,3210,1974.72,3212.48,587865,161,72176,2874,1735.45,3136.76,5965,205,33489,2892,1762.11,3046.45,593830,161,72176,2874,1735.71,3136.03,588356,158,65607,2876,1737.02,3077.46,5970,205,21611,2879,1762.13,2929.66,594326,158,65607,2876,1737.27,3076.04,580054,126,74452,2918,1754.82,3077.78,5887,187,51144,2916,1755.36,3092.47,585941,126,74452,2918,1754.82,3077.9,578344,152,134903,2932,1754.04,3355.53,5866,172,94483,2972,1788.71,3491.15,584210,152,134903,2933,1754.38,3356.39
10.0.0.8:11212,64,64,30s,10k,set_prop=0.01,get_prop=0.99,569365,5788,0,13450426,93981283,610475,6202,0,14421362,100767431,584084,5930,0,13796826,96411211,601374,6108,0,14205962,99265171,529858,5380,0,12516268,87459050,569303,129,160699,3332,1971.44,3660.04,5786,190,82150,3423,2029.25,3732.33,575089,129,160699,3333,1972.02,3660.71,610411,146,81918,3107,1872.08,3254.15,6202,170,48336,3243,1951.47,3289.66,616613,146,81918,3109,1872.86,3253.94,584023,154,101295,3253,1956.2,3428.62,5927,249,44422,3223,1968.99,3299,589950,154,101295,3252,1956.33,3428,601311,156,104638,3162,1899.93,3494.77,6107,213,91612,3312,1978.1,3985.4,607418,156,104638,3164,1900.7,3499.63,529794,151,199621,3590,2111.48,4256.98,5380,232,51279,3554,2118.24,3580.06,535174,151,199621,3590,2111.55,4250.4
10.0.0.8:11212,59,59,30s,10k,set_prop=0.01,get_prop=0.99,578278,5870,0,13660018,95453095,600963,6101,0,14196048,99197968,557610,5663,0,13172064,92041376,551950,5606,0,13038562,91106863,591378,6003,0,13969360,97615816,578219,158,199165,3042,1848.87,3641.78,5870,234,20524,3039,1882.83,2987.63,584089,158,199165,3042,1849.21,3635.76,600904,134,179332,2912,1703.77,3629.88,6101,209,178921,3027,1759.52,4513.44,607005,134,179332,2913,1704.32,3639.97,557552,146,109401,3144,1827.1,3478.78,5662,236,55530,3219,1893.8,3463.65,563214,146,109401,3145,1827.76,3478.41,551891,150,221464,3172,1820.12,4259.11,5606,234,220901,3307,1879.06,5033.37,557497,150,221464,3173,1820.71,4267.88,591320,138,66348,2973,1808.96,3082.02,6002,197,30572,2985,1825.28,3047.2,597322,138,66348,2973,1809.13,3081.78
10.0.0.8:11212,64,64,30s,10k,set_prop=0.01,get_prop=0.99,560283,5692,0,13235400,92481828,594110,6033,0,14034154,98066011,578651,5876,0,13668936,95514020,609199,6186,0,14390730,100556763,551101,5600,0,13018814,90965905,560220,144,179190,3389,1950.26,4184.01,5691,175,179163,3481,2004.25,5015.32,565911,144,179190,3390,1950.79,4193.14,594047,155,78421,3208,1925.96,3305.52,6032,234,42749,3260,1955.29,3365.1,600079,155,78421,3209,1926.26,3305.67,578588,156,222559,3295,1944.54,4105.51,5875,230,220803,3517,2000.65,7091.39,584463,156,222559,3297,1945.1,4146.47,609135,159,68153,3121,1876.41,3329.53,6186,220,67419,3161,1893.27,3546.06,615321,159,68153,3121,1876.57,3332.15,551037,162,114187,3453,2079.55,3507.92,5600,191,52464,3483,2118.99,3460.89,556637,162,114187,3453,2079.95,3507.74
10.0.0.8:11212,61,61,30s,10k,set_prop=0.01,get_prop=0.99,564885,5734,0,13343568,93241832,608514,6177,0,14374286,100444161,601169,6103,0,14200856,99231644,585141,5940,0,13822022,96585877,561190,5695,0,13256038,92631845,564824,145,140344,3210,1932.4,3258.71,5734,217,45492,3282,1979.78,3307.48,570558,145,140344,3210,1932.87,3259.92,608453,169,78204,2971,1770.31,3232.05,6177,206,47219,2949,1780.43,3100,614630,169,78204,2971,1770.41,3230.54,601108,160,42307,3013,1826.67,3057.42,6103,200,26133,3092,1882.82,3061.36,607211,160,42307,3014,1827.23,3057.27,585081,152,78675,3096,1822.52,3321.06,5939,211,40803,3099,1834.45,3261.87,591020,152,78675,3096,1822.64,3320.49,561129,152,120839,3228,1849.76,3592.57,5695,188,52953,3380,1921.75,3818.31,566824,152,120839,3230,1850.47,3594.51
10.0.0.8:11212,64,64,30s,10k,set_prop=0.01,get_prop=0.99,582318,5916,0,13756010,96119395,598829,6080,0,14145492,98845022,562356,5712,0,13284344,92823876,597134,6066,0,14105824,98565392,562156,5708,0,13279166,92791001,582255,159,96732,3265,1954.97,3412.8,5915,199,53558,3327,1996.38,3368.98,588170,159,96732,3266,1955.38,3412.01,598766,146,67777,3172,1929.17,3201.14,6079,185,29408,3249,1985.98,3204.29,604845,146,67777,3173,1929.74,3200.96,562292,158,89268,3377,1988.23,3599.77,5712,226,78525,3364,1982.48,3836.25,568004,158,89268,3377,1988.17,3602.1,597072,141,88964,3181,1856.21,3480.67,6064,226,47968,3272,1916.47,3524.59,603136,141,88964,3181,1856.8,3481.96,562093,146,65168,3388,2110.66,3196.64,5707,197,26299,3426,2136.71,3233.77,567800,146,65168,3388,2110.93,3197.42
10.0.0.8:11212,63,63,30s,10k,set_prop=0.01,get_prop=0.99,580995,5901,0,13724664,95900988,617265,6269,0,14581484,101888482,562013,5709,0,13276202,92767579,593730,6025,0,14024536,98003412,593188,6021,0,14012110,97913793,580932,147,70864,3218,1993.33,3128.1,5901,211,41236,3279,2029.64,3191.07,586833,147,70864,3218,1993.69,3129.38,617202,135,78358,3029,1850.82,3106.6,6269,195,44713,3085,1896.86,3130.68,623471,135,78358,3029,1851.27,3107.39,561951,155,105937,3327,1951.92,3546.42,5708,223,54959,3384,2003.78,3589.91,567659,155,105937,3328,1952.44,3546.46,593668,158,85589,3159,1874.49,3350.13,6024,218,53688,3374,1978.82,3654.73,599692,158,85589,3161,1875.51,3353.55,593125,170,75231,3166,1884.02,3350.55,6021,177,59356,3182,1901.07,3378.13,599146,170,75231,3166,1884.19,3350.98
10.0.0.8:11212,64,64,30s,10k,set_prop=0.01,get_prop=0.99,594578,6037,0,14045090,98143263,599380,6086,0,14158298,98936299,579770,5893,0,13696274,95698791,574636,5835,0,13574184,94851060,581736,5908,0,13741926,96023301,594515,161,53869,3198,1978.06,3103.47,6036,191,23396,3283,2024.55,3161.42,600551,161,53869,3199,1978.52,3103.92,599319,159,38362,3169,1946.28,3108.2,6083,211,28735,3248,2001.33,3152.4,605402,159,38362,3170,1946.83,3108.44,579707,150,77118,3279,1980.45,3351.93,5892,181,30565,3341,2033.94,3311.5,585599,150,77118,3279,1980.98,3352.14,574572,157,135527,3308,1963.18,3601.35,5835,174,41658,3420,2025.56,3599.83,580407,157,135527,3309,1963.8,3601.46,581673,158,48174,3279,2064.44,3162.21,5907,202,41749,3276,2077.11,3111.31,587580,158,48174,3279,2064.57,3161.67
10.0.0.8:11212,65,65,30s,10k,set_prop=0.01,get_prop=0.99,581491,5908,0,13736376,95982868,604359,6138,0,14276548,99757614,607877,6174,0,14359704,100338372,608773,6185,0,14381176,100486300,602606,6119,0,14234942,99468217,581428,170,47976,3334,2064.19,3270.21,5906,259,39347,3308,2067.2,3179.53,587334,170,47976,3333,2064.22,3270.06,604294,164,126608,3208,1898.78,3375.06,6138,183,34776,3203,1903.94,3311.13,610432,164,126608,3208,1898.83,3374.37,607812,157,105102,3186,1917.86,3310.12,6174,188,67415,3152,1897.49,3331.26,613986,157,105102,3186,1917.65,3310,608708,155,130993,3167,1915.16,3677.65,6185,217,48265,3239,1988.63,3327.88,614893,155,130993,3168,1915.89,3674.06,602541,141,113025,3197,1861.64,3658.14,6119,200,66175,3264,1909.71,3693.13,608660,141,113025,3197,1862.12,3659.09
10.0.0.8:11212,64,64,30s,10k,set_prop=0.01,get_prop=0.99,570760,5797,0,13482832,94211216,576352,5857,0,13615318,95134533,576454,5857,0,13617562,95151363,554758,5636,0,13105028,91569598,693578,7036,0,16383068,114486098,570696,155,88521,3336,1991.14,3406.23,5797,227,32631,3403,2064.16,3318.16,576493,155,88521,3337,1991.86,3405.04,576289,150,130786,3297,1994.47,3578.33,5856,253,31350,3381,2075.05,3309.59,582145,150,130786,3298,1995.26,3575.59,576391,131,119374,3296,1999.15,3515.13,5856,229,37780,3322,2041.23,3198.97,582247,131,119374,3296,1999.57,3512.34,554694,165,137584,3426,2013.56,3770.66,5636,242,77198,3549,2078.12,4116.93,560330,165,137584,3427,2014.2,3774.53,693514,148,189678,2728,1577.17,3494.54,7036,238,59749,2788,1640.2,3490.68,700550,148,189678,2728,1577.79,3494.98
